DROP TABLE REPORT;
DROP TABLE REPLY_REPORT;
DROP TABLE POST_REPORT;
DROP TABLE FILE_TABLE;
DROP TABLE ATTACHMENT;
DROP TABLE REPLY_LIKE; 
DROP TABLE POST_LIKE;
DROP TABLE MEMBER_GRADE;
DROP TABLE MEMBER_REPORT;
DROP TABLE MENU_LIKE; 
DROP TABLE MENU; 
DROP TABLE STORE; 
DROP TABLE BRAND;
DROP TABLE REPLY;
DROP TABLE POST; 
DROP TABLE POST_CATEGORY; 
DROP TABLE QNA;
DROP TABLE MEMBER; 
---------------------------------------------------------------------------------
-- 1번째문자 -- 댓글 R 메뉴 ME 매장 S 브랜드 B 회원 M 게시글 P 댓글 R QNA Q 파일 F 회원 M
-- 2번째문자 -- 신고 R 카테고리 C
DROP SEQUENCE SEQ_RENO;   -- 파일
DROP SEQUENCE SEQ_MNO;   -- 회원 
DROP SEQUENCE SEQ_PNO;   -- 게시글
DROP SEQUENCE SEQ_SNO;   -- 매장
DROP SEQUENCE SEQ_MENO;   -- 메뉴
DROP SEQUENCE SEQ_BNO;   -- 브랜드
DROP SEQUENCE SEQ_ANO;   -- 파일
DROP SEQUENCE SEQ_PCNO;  -- 게시글 카테고리
DROP SEQUENCE SEQ_PRNO;  -- 게시글 신고넘버 발생시킬 시퀀스
DROP SEQUENCE SEQ_MRNO;  -- 멤버 신고?
DROP SEQUENCE SEQ_RNO;   -- 댓글
DROP SEQUENCE SEQ_RRNO;  -- 댓글 신고
DROP SEQUENCE SEQ_QNO;   -- QNA

---------------------------------------------------------------------------------
-- 좋아요 테이블 --
-- 메뉴, 댓글, 게시글 + 회원등급 --> 시퀀스 X
---------------------------------------------------------------------------------
--시퀀스 생성
CREATE SEQUENCE SEQ_PNO   -- 게시글
NOCACHE;
CREATE SEQUENCE SEQ_SNO   -- 매장
NOCACHE;
CREATE SEQUENCE SEQ_MENO    -- 메뉴
NOCACHE;
CREATE SEQUENCE SEQ_BNO    -- 브랜드
NOCACHE;
CREATE SEQUENCE SEQ_MNO    -- 회원 
NOCACHE;
CREATE SEQUENCE SEQ_ANO    -- 파일
NOCACHE;
CREATE SEQUENCE SEQ_PCNO   -- 게시글 카테고리
NOCACHE;
CREATE SEQUENCE SEQ_PRNO   -- 게시글 신고넘버 발생시킬 시퀀스
NOCACHE;
CREATE SEQUENCE SEQ_MRNO   -- 회원 신고번호 발생시킬 시퀀스
NOCACHE;
CREATE SEQUENCE SEQ_RNO    -- 댓글
NOCACHE;
CREATE SEQUENCE SEQ_RRNO   -- 댓글 신고
NOCACHE;
CREATE SEQUENCE SEQ_QNO    -- QNA 
NOCACHE;
CREATE SEQUENCE SEQ_RENO    -- QNA 
NOCACHE;
--------------------------------------------------------------------------------
--------------------------    BRAND 관련     ------------------------------------
--------------------------------------------------------------------------------
CREATE TABLE BRAND (
    BRAND_NO NUMBER PRIMARY KEY,
    BRAND_NAME VARCHAR2(90) NOT NULL
);
COMMENT ON COLUMN BRAND.BRAND_NO IS '브랜드코드';
COMMENT ON COLUMN BRAND.BRAND_NAME IS '브랜드이름';

INSERT INTO BRAND (BRAND_NO, BRAND_NAME) VALUES (SEQ_BNO.NEXTVAL,'BBQ');
INSERT INTO BRAND (BRAND_NO, BRAND_NAME) VALUES (SEQ_BNO.NEXTVAL,'BHC');
INSERT INTO BRAND (BRAND_NO, BRAND_NAME) VALUES (SEQ_BNO.NEXTVAL,'교촌치킨');
INSERT INTO BRAND (BRAND_NO, BRAND_NAME) VALUES (SEQ_BNO.NEXTVAL,'처갓집양념치킨');
INSERT INTO BRAND (BRAND_NO, BRAND_NAME) VALUES (SEQ_BNO.NEXTVAL,'페리카나');
INSERT INTO BRAND (BRAND_NO, BRAND_NAME) VALUES (SEQ_BNO.NEXTVAL,'네네치킨');
INSERT INTO BRAND (BRAND_NO, BRAND_NAME) VALUES (SEQ_BNO.NEXTVAL,'굽네치킨');
INSERT INTO BRAND (BRAND_NO, BRAND_NAME) VALUES (SEQ_BNO.NEXTVAL,'멕시카나치킨');
INSERT INTO BRAND (BRAND_NO, BRAND_NAME) VALUES (SEQ_BNO.NEXTVAL,'호식이두마리치킨');
INSERT INTO BRAND (BRAND_NO, BRAND_NAME) VALUES (SEQ_BNO.NEXTVAL,'또래오래');
INSERT INTO BRAND (BRAND_NO, BRAND_NAME) VALUES (SEQ_BNO.NEXTVAL,'지코바치킨');
INSERT INTO BRAND (BRAND_NO, BRAND_NAME) VALUES (SEQ_BNO.NEXTVAL,'푸라닭');
INSERT INTO BRAND (BRAND_NO, BRAND_NAME) VALUES (SEQ_BNO.NEXTVAL,'60계치킨');
INSERT INTO BRAND (BRAND_NO, BRAND_NAME) VALUES (SEQ_BNO.NEXTVAL,'바른치킨');
INSERT INTO BRAND (BRAND_NO, BRAND_NAME) VALUES (SEQ_BNO.NEXTVAL,'노랑통닭');
INSERT INTO BRAND (BRAND_NO, BRAND_NAME) VALUES (SEQ_BNO.NEXTVAL,'맘스터치');
INSERT INTO BRAND (BRAND_NO, BRAND_NAME) VALUES (SEQ_BNO.NEXTVAL,'훌랄라 참숯바베큐치킨');
INSERT INTO BRAND (BRAND_NO, BRAND_NAME) VALUES (SEQ_BNO.NEXTVAL,'또래오래');
INSERT INTO BRAND (BRAND_NO, BRAND_NAME) VALUES (SEQ_BNO.NEXTVAL,'치킨마루');
INSERT INTO BRAND (BRAND_NO, BRAND_NAME) VALUES (SEQ_BNO.NEXTVAL,'또봉이통닭');

--------------------------------------------------------------------------------
----------------------------    STORE 관련      선주  -------------------------------
--------------------------------------------------------------------------------
CREATE TABLE STORE (
    STORE_NO NUMBER PRIMARY KEY,
    STORE_NAME VARCHAR2(90) NOT NULL,
    STORE_ADDRESS VARCHAR2(300) NOT NULL,
    STORE_PHONE VARCHAR2(30) NULL,
    STORE_TIME VARCHAR2(1000) NULL,
    STATUS CHAR(1) DEFAULT 'Y' NOT NULL,
    BRAND_NO NUMBER NOT NULL,
    FOREIGN KEY (BRAND_NO) REFERENCES BRAND (BRAND_NO) 
);
COMMENT ON COLUMN STORE.STORE_NO IS '매장번호';
COMMENT ON COLUMN STORE.STORE_NAME IS '매장명';
COMMENT ON COLUMN STORE.STORE_ADDRESS IS '주소';
COMMENT ON COLUMN STORE.STORE_PHONE IS '매장 전화번호';
COMMENT ON COLUMN STORE.STORE_TIME IS '영업시간';
COMMENT ON COLUMN STORE.BRAND_NO IS '브랜드코드';

INSERT INTO STORE (STORE_NO, STORE_NAME, STORE_ADDRESS, STORE_PHONE, STORE_TIME, STATUS, BRAND_NO) VALUES (SEQ_SNO.NEXTVAL,'BBQ당산행운점','서울특별시 영등포구 양산로 128 (당산동1가, 환희빌딩) ','02-2635-9282','매일 11:00 ~ 23:00','Y','1');
INSERT INTO STORE (STORE_NO, STORE_NAME, STORE_ADDRESS, STORE_PHONE, STORE_TIME, STATUS, BRAND_NO) VALUES (SEQ_SNO.NEXTVAL,'BBQ영등포점','서울 영등포구 국회대로54길 10 근린생활시설 5동 1층 4호(영등포동7가, 아크로타워 스퀘어)','11:00 ~ 23:00','매일 11:00 ~ 23:00','Y','1');
INSERT INTO STORE (STORE_NO, STORE_NAME, STORE_ADDRESS, STORE_PHONE, STORE_TIME, STATUS, BRAND_NO) VALUES (SEQ_SNO.NEXTVAL,'BBQ영등포본점','서울특별시 영등포구 영중로 65 (영등포동6가, 1층)','02-2631-9809','매일 13:00 ~ 01:00','Y','1');
INSERT INTO STORE (STORE_NO, STORE_NAME, STORE_ADDRESS, STORE_PHONE, STORE_TIME, STATUS, BRAND_NO) VALUES (SEQ_SNO.NEXTVAL,'BBQ영등포중앙점','서울특별시 영등포구 영등포로 234 (영등포동3가, 여의도포레스트시티) 1층 103호','02-2633-2933','매일 11:00 - 01:00','Y','1');
INSERT INTO STORE (STORE_NO, STORE_NAME, STORE_ADDRESS, STORE_PHONE, STORE_TIME, STATUS, BRAND_NO) VALUES (SEQ_SNO.NEXTVAL,'BBQ문래점','서울 영등포구 문래동6가 8번지 그대가상가 102호','02-2632-0366','매일 12:00 -24:00','Y','1');
INSERT INTO STORE (STORE_NO, STORE_NAME, STORE_ADDRESS, STORE_PHONE, STORE_TIME, STATUS, BRAND_NO) VALUES (SEQ_SNO.NEXTVAL,'BBQ여의도역점','서울 영등포구 여의도동 35-2 백상빌딩 101호','02-761-8292','매일 11:00 ~ 23:00','Y','1');
INSERT INTO STORE (STORE_NO, STORE_NAME, STORE_ADDRESS, STORE_PHONE, STORE_TIME, STATUS, BRAND_NO) VALUES (SEQ_SNO.NEXTVAL,'BBQ영등포도림점','서울특별시 영등포구 도영로 80 (도림동, 대우미래사랑) 101동 104호','02-848-5777',' ','Y','1');
INSERT INTO STORE (STORE_NO, STORE_NAME, STORE_ADDRESS, STORE_PHONE, STORE_TIME, STATUS, BRAND_NO) VALUES (SEQ_SNO.NEXTVAL,'BBQ여의도점','서울특별시 영등포구 국제금융로7길 32 1동 3호 (여의도동, 장미상가)','02-786-6336','매일 12:00 -24:00','Y','1');
INSERT INTO STORE (STORE_NO, STORE_NAME, STORE_ADDRESS, STORE_PHONE, STORE_TIME, STATUS, BRAND_NO) VALUES (SEQ_SNO.NEXTVAL,'BBQ신길사러가점','서울특별시 영등포구 신길로39길 4,(신길동, 지상1층) 1층','02-847-9282','매일 11:00 ~ 23:00','Y','1');
INSERT INTO STORE (STORE_NO, STORE_NAME, STORE_ADDRESS, STORE_PHONE, STORE_TIME, STATUS, BRAND_NO) VALUES (SEQ_SNO.NEXTVAL,'BBQ신길대방점','서울특별시 영등포구 여의대방로47길 30 (신길동)','02-843-9200','매일 12:00 - 24:00','Y','1');
INSERT INTO STORE (STORE_NO, STORE_NAME, STORE_ADDRESS, STORE_PHONE, STORE_TIME, STATUS, BRAND_NO) VALUES (SEQ_SNO.NEXTVAL,'BBQ여의도파라다이스점','서울 영등포구 여의도동 86번지 한강둔치','02-761-3827','매일 11:30 -22:00','Y','1');
INSERT INTO STORE (STORE_NO, STORE_NAME, STORE_ADDRESS, STORE_PHONE, STORE_TIME, STATUS, BRAND_NO) VALUES (SEQ_SNO.NEXTVAL,'BBQ대림점','서울특별시 영등포구 대림로 191 (대림동, 유림빌딩) 1층','02-831-9982','매일 11:00 ~ 23:00','Y','1');
INSERT INTO STORE (STORE_NO, STORE_NAME, STORE_ADDRESS, STORE_PHONE, STORE_TIME, STATUS, BRAND_NO) VALUES (SEQ_SNO.NEXTVAL,'BBQ신길뉴타운점','서울특별시 영등포구 대방천로 211 (신길동, 대경빌딩) 1층','02-843-9282','매일 12:00 - 23:30','Y','1');
INSERT INTO STORE (STORE_NO, STORE_NAME, STORE_ADDRESS, STORE_PHONE, STORE_TIME, STATUS, BRAND_NO) VALUES (SEQ_SNO.NEXTVAL,'BHC 당산점','서울 영등포구 당산로49길 9 (당산동6가, 골드라인)','02-2677-9290','매일 12:00 - 24:00','Y','2');
INSERT INTO STORE (STORE_NO, STORE_NAME, STORE_ADDRESS, STORE_PHONE, STORE_TIME, STATUS, BRAND_NO) VALUES (SEQ_SNO.NEXTVAL,'BHC 대림점','서울 영등포구 디지털로 420 (대림동, 보라매 신동아파밀리에) 지하2층 111-1호','02-848-7778','매일 12:00 - 24:00','Y','2');
INSERT INTO STORE (STORE_NO, STORE_NAME, STORE_ADDRESS, STORE_PHONE, STORE_TIME, STATUS, BRAND_NO) VALUES (SEQ_SNO.NEXTVAL,'BHC 문래점','서울특별시 영등포구 선유로13길 25 (문래동6가,에이스하이테크시티2지식산업센타)','02-2257-8292','매일 12:00 - 24:00','Y','2');
INSERT INTO STORE (STORE_NO, STORE_NAME, STORE_ADDRESS, STORE_PHONE, STORE_TIME, STATUS, BRAND_NO) VALUES (SEQ_SNO.NEXTVAL,'BHC 신길1호점','서울 영등포구 도신로 114 (신길동, 하나빌딩)','02-832-0817','매일 11:00 - 24:00','Y','2');
INSERT INTO STORE (STORE_NO, STORE_NAME, STORE_ADDRESS, STORE_PHONE, STORE_TIME, STATUS, BRAND_NO) VALUES (SEQ_SNO.NEXTVAL,'BHC 신풍역점','서울 영등포구 신길로 119 (신길동, 신길뉴타운 한화 꿈에그린) 112동 지하1층 비120호','02-847-9288','매일 12:00 - 24:00','Y','2');
INSERT INTO STORE (STORE_NO, STORE_NAME, STORE_ADDRESS, STORE_PHONE, STORE_TIME, STATUS, BRAND_NO) VALUES (SEQ_SNO.NEXTVAL,'BHC 양평역점','서울 영등포구 선유서로24길 6 (양평동1가, 영등포 중흥 S-CLASS) 1층 상가 105호','02-2632-9992','매일 12:00 - 24:00','Y','2');
INSERT INTO STORE (STORE_NO, STORE_NAME, STORE_ADDRESS, STORE_PHONE, STORE_TIME, STATUS, BRAND_NO) VALUES (SEQ_SNO.NEXTVAL,'BHC 양평현대점','서울 영등포구 선유로 207 (양평동3가, 양평동 6차 현대아파트) 1층 103호','02-2677-3607','매일 12:00 - 24:00','Y','2');
INSERT INTO STORE (STORE_NO, STORE_NAME, STORE_ADDRESS, STORE_PHONE, STORE_TIME, STATUS, BRAND_NO) VALUES (SEQ_SNO.NEXTVAL,'BHC 여의도역점','서울특별시 영등포구 국제금융로2길 37 (여의도동, S-TRENUE) 3층 303호. 304-1호','02-761-3306','매일 10:00 - 24:00','Y','2');
INSERT INTO STORE (STORE_NO, STORE_NAME, STORE_ADDRESS, STORE_PHONE, STORE_TIME, STATUS, BRAND_NO) VALUES (SEQ_SNO.NEXTVAL,'BHC 여의도점','서울 영등포구 63로 45 (여의도동, 여의도시범아파트) 시범상가2,3,4동 108호','02-782-9282','매일 10:00 - 24:00','Y','2');
INSERT INTO STORE (STORE_NO, STORE_NAME, STORE_ADDRESS, STORE_PHONE, STORE_TIME, STATUS, BRAND_NO) VALUES (SEQ_SNO.NEXTVAL,'BHC 영등포공원점','서울 영등포구 신길로 250 (영등포동) 1층','02-845-9288','매일 12:00 - 24:00','Y','2');
INSERT INTO STORE (STORE_NO, STORE_NAME, STORE_ADDRESS, STORE_PHONE, STORE_TIME, STATUS, BRAND_NO) VALUES (SEQ_SNO.NEXTVAL,'BHC 영등포아크로타워점','서울 영등포구 영등포동 7가 203 아크로타워 12동 2호','02-421-3392','매일 12:30 - 23:00','Y','2');
INSERT INTO STORE (STORE_NO, STORE_NAME, STORE_ADDRESS, STORE_PHONE, STORE_TIME, STATUS, BRAND_NO) VALUES (SEQ_SNO.NEXTVAL,'교촌치킨 당산점','서울 영등포구 영등포동8가 35-1','02 -2672-9995 / 2672-9994','매일 12:00~24:00','Y','3');
INSERT INTO STORE (STORE_NO, STORE_NAME, STORE_ADDRESS, STORE_PHONE, STORE_TIME, STATUS, BRAND_NO) VALUES (SEQ_SNO.NEXTVAL,'교촌치킨 대림2호점','서울 영등포구 대림동 783-1','02 -847-9939 / 847-9989','매일 12:00~24:00','Y','3');
INSERT INTO STORE (STORE_NO, STORE_NAME, STORE_ADDRESS, STORE_PHONE, STORE_TIME, STATUS, BRAND_NO) VALUES (SEQ_SNO.NEXTVAL,'교촌치킨 문래점','서울 영등포구 문래동3가 77-34','02 -2672-7676','매일 12:00~24:00','Y','3');
INSERT INTO STORE (STORE_NO, STORE_NAME, STORE_ADDRESS, STORE_PHONE, STORE_TIME, STATUS, BRAND_NO) VALUES (SEQ_SNO.NEXTVAL,'교촌치킨 선유도역점','서울 영등포구 양평동4가 147-3','02 -2069-1991','매일 12:00~24:00','Y','3');
INSERT INTO STORE (STORE_NO, STORE_NAME, STORE_ADDRESS, STORE_PHONE, STORE_TIME, STATUS, BRAND_NO) VALUES (SEQ_SNO.NEXTVAL,'교촌치킨 신길1호점','서울 영등포구 신길동 296-14','02 -833-6016','매일 12:00~24:00','Y','3');
INSERT INTO STORE (STORE_NO, STORE_NAME, STORE_ADDRESS, STORE_PHONE, STORE_TIME, STATUS, BRAND_NO) VALUES (SEQ_SNO.NEXTVAL,'교촌치킨 신길2호점','서울 영등포구 신길7동 674','02 -849-0033','매일 12:00~24:00','Y','3');
INSERT INTO STORE (STORE_NO, STORE_NAME, STORE_ADDRESS, STORE_PHONE, STORE_TIME, STATUS, BRAND_NO) VALUES (SEQ_SNO.NEXTVAL,'교촌치킨 신풍역점','서울 영등포구 신길동 445-2','02 -835-1223','매일 12:00~24:00','Y','3');
INSERT INTO STORE (STORE_NO, STORE_NAME, STORE_ADDRESS, STORE_PHONE, STORE_TIME, STATUS, BRAND_NO) VALUES (SEQ_SNO.NEXTVAL,'교촌치킨 여의도점','서울 영등포구 여의도동 44-31','02 -769-1555 / 769-1888','매일 12:00~24:00','Y','3');
INSERT INTO STORE (STORE_NO, STORE_NAME, STORE_ADDRESS, STORE_PHONE, STORE_TIME, STATUS, BRAND_NO) VALUES (SEQ_SNO.NEXTVAL,'교촌치킨 영등포1호점','서울 영등포구 신길동 232-42','02 -841-7282 / 849-7282','매일 12:00~24:00','Y','3');
INSERT INTO STORE (STORE_NO, STORE_NAME, STORE_ADDRESS, STORE_PHONE, STORE_TIME, STATUS, BRAND_NO) VALUES (SEQ_SNO.NEXTVAL,'교촌치킨 영등포역점','서울 영등포구 영등포동3가 21-10','02 -2632-1992','매일 12:00~24:00','Y','3');
INSERT INTO STORE (STORE_NO, STORE_NAME, STORE_ADDRESS, STORE_PHONE, STORE_TIME, STATUS, BRAND_NO) VALUES (SEQ_SNO.NEXTVAL,'처갓집양념치킨 영등포점','서울 영등포구 국회대로54길 10 상가9동 1층 2호','02-2675-7377','매일 16:00 - 24:00','Y','4');
INSERT INTO STORE (STORE_NO, STORE_NAME, STORE_ADDRESS, STORE_PHONE, STORE_TIME, STATUS, BRAND_NO) VALUES (SEQ_SNO.NEXTVAL,'처갓집양념치킨 신풍역점','서울특별시 영등포구 신길로 108(신길동,남서울 아파트상가.신길동3591)','02-842-7979','매일 12:00 - 04:00','Y','4');
INSERT INTO STORE (STORE_NO, STORE_NAME, STORE_ADDRESS, STORE_PHONE, STORE_TIME, STATUS, BRAND_NO) VALUES (SEQ_SNO.NEXTVAL,'처갓집양념치킨 여의도점','서울시 영등포구 여의도동50 시범상가','02-782-0520','매일 13:00 - 01:00','Y','4');
INSERT INTO STORE (STORE_NO, STORE_NAME, STORE_ADDRESS, STORE_PHONE, STORE_TIME, STATUS, BRAND_NO) VALUES (SEQ_SNO.NEXTVAL,'페리카나 당산동점','서울특별시 영등포구 영중로 114 (영등포동8가)','02-2671-5559',' ','Y','5');
INSERT INTO STORE (STORE_NO, STORE_NAME, STORE_ADDRESS, STORE_PHONE, STORE_TIME, STATUS, BRAND_NO) VALUES (SEQ_SNO.NEXTVAL,'페리카나 대림점','서울특별시 영등포구 대림로34길 14-1','02-842-4747','매일 12:00 - 01:00','Y','5');
INSERT INTO STORE (STORE_NO, STORE_NAME, STORE_ADDRESS, STORE_PHONE, STORE_TIME, STATUS, BRAND_NO) VALUES (SEQ_SNO.NEXTVAL,'페리카나 신길2점','서울특별시 영등포구 영등포로86길 12 (신길동)','02-849-0222 / 02-849-1135',' ','Y','5');
INSERT INTO STORE (STORE_NO, STORE_NAME, STORE_ADDRESS, STORE_PHONE, STORE_TIME, STATUS, BRAND_NO) VALUES (SEQ_SNO.NEXTVAL,'페리카나 신풍시장점','서울특별시 영등포구 가마산로61길 3-1','02-848-6433', ' ', 'Y','5');
INSERT INTO STORE (STORE_NO, STORE_NAME, STORE_ADDRESS, STORE_PHONE, STORE_TIME, STATUS, BRAND_NO) VALUES (SEQ_SNO.NEXTVAL,'페리카나 여의도점','서울특별시 영등포구 63로 45, 2,3,4동 1층 117호 (여의도동, 여의도시','02-784-2228 / 02-784-2229','매일 12:00 -  24:00','Y','5');
INSERT INTO STORE (STORE_NO, STORE_NAME, STORE_ADDRESS, STORE_PHONE, STORE_TIME, STATUS, BRAND_NO) VALUES (SEQ_SNO.NEXTVAL,'페리카나 영등포점','서울특별시 영등포구 양산로 137, 1층(당산동3가)','02-2672-1454',' ','Y','5');
INSERT INTO STORE (STORE_NO, STORE_NAME, STORE_ADDRESS, STORE_PHONE, STORE_TIME, STATUS, BRAND_NO) VALUES (SEQ_SNO.NEXTVAL,'네네치킨 여의도점','서울 영등포구 의사당대로 108 아일렉스','02-782-9244','매일 11:00 - 01:00','Y','6');
INSERT INTO STORE (STORE_NO, STORE_NAME, STORE_ADDRESS, STORE_PHONE, STORE_TIME, STATUS, BRAND_NO) VALUES (SEQ_SNO.NEXTVAL,'네네치킨 대림3점','서울 영등포구 도림로53길 34-1 1층','02-848-0082','매일 12:00 - 24:00','Y','6');
INSERT INTO STORE (STORE_NO, STORE_NAME, STORE_ADDRESS, STORE_PHONE, STORE_TIME, STATUS, BRAND_NO) VALUES (SEQ_SNO.NEXTVAL,'네네치킨 대림점','서울 영등포구 디지털로 398 대성빌딩','050-7964-1078','매일 17:00 - 05:00','Y','6');
INSERT INTO STORE (STORE_NO, STORE_NAME, STORE_ADDRESS, STORE_PHONE, STORE_TIME, STATUS, BRAND_NO) VALUES (SEQ_SNO.NEXTVAL,'네네치킨 영등포점','서울 영등포구 영신로9길 3-1','050-7964-1115','매일 11:30 - 01:30','Y','6');
INSERT INTO STORE (STORE_NO, STORE_NAME, STORE_ADDRESS, STORE_PHONE, STORE_TIME, STATUS, BRAND_NO) VALUES (SEQ_SNO.NEXTVAL,'네네치킨 문래점','서울 영등포구 영등포로 106 상가 1층 120호','0507-1421-7991','매일 10:00 - 02:00','Y','6');
INSERT INTO STORE (STORE_NO, STORE_NAME, STORE_ADDRESS, STORE_PHONE, STORE_TIME, STATUS, BRAND_NO) VALUES (SEQ_SNO.NEXTVAL,'굽네치킨 도림점','서울 영등포구 도림로112길 27','0504-3143-8011','매일 12:00 - 23:00','Y','7');
INSERT INTO STORE (STORE_NO, STORE_NAME, STORE_ADDRESS, STORE_PHONE, STORE_TIME, STATUS, BRAND_NO) VALUES (SEQ_SNO.NEXTVAL,'굽네치킨 문래점','서울 영등포구 선유로3길 10 1층','0504-3143-8108','매일 12:00 - 24:00','Y','7');
INSERT INTO STORE (STORE_NO, STORE_NAME, STORE_ADDRESS, STORE_PHONE, STORE_TIME, STATUS, BRAND_NO) VALUES (SEQ_SNO.NEXTVAL,'굽네치킨 영등포구청역점','서울 영등포구 양산로 131-2 1층','02-2675-9294','매일 10:00 - 01:30','Y','7');
INSERT INTO STORE (STORE_NO, STORE_NAME, STORE_ADDRESS, STORE_PHONE, STORE_TIME, STATUS, BRAND_NO) VALUES (SEQ_SNO.NEXTVAL,'굽네치킨 여의도1호점','서울 영등포구 국회대로66길 23 산정빌딩','0504-3143-8054','매일 11:00 - 01:00','Y','7');
INSERT INTO STORE (STORE_NO, STORE_NAME, STORE_ADDRESS, STORE_PHONE, STORE_TIME, STATUS, BRAND_NO) VALUES (SEQ_SNO.NEXTVAL,'굽네치킨 신길뉴타운점','서울 영등포구 신길로 119 신길한화꿈에그린 아파트상가1층 110호 굽네치킨','0507-1384-9492','매일 11:00 - 01:00','Y','7');
INSERT INTO STORE (STORE_NO, STORE_NAME, STORE_ADDRESS, STORE_PHONE, STORE_TIME, STATUS, BRAND_NO) VALUES (SEQ_SNO.NEXTVAL,'굽네치킨 당산2동점','서울 영등포구 국회대로29길 16','02-6080-9494','매일 11:00 -23:30','Y','7');
INSERT INTO STORE (STORE_NO, STORE_NAME, STORE_ADDRESS, STORE_PHONE, STORE_TIME, STATUS, BRAND_NO) VALUES (SEQ_SNO.NEXTVAL,'멕시카나치킨 신길점','서울 영등포구 도신로 94','0507-964-1917',' ','Y','8');
INSERT INTO STORE (STORE_NO, STORE_NAME, STORE_ADDRESS, STORE_PHONE, STORE_TIME, STATUS, BRAND_NO) VALUES (SEQ_SNO.NEXTVAL,'멕시카나치킨 대림점','서울 영등포구 디지털로54길 22-13','0507-964-1792','매일 10:00 - 04:00','Y','8');
INSERT INTO STORE (STORE_NO, STORE_NAME, STORE_ADDRESS, STORE_PHONE, STORE_TIME, STATUS, BRAND_NO) VALUES (SEQ_SNO.NEXTVAL,'호식이두마리치킨 당산점','서울 영등포구 양산로 132','0504-0953-0650','매일 12:30 -00:30','Y','9');
INSERT INTO STORE (STORE_NO, STORE_NAME, STORE_ADDRESS, STORE_PHONE, STORE_TIME, STATUS, BRAND_NO) VALUES (SEQ_SNO.NEXTVAL,'호식이두마리치킨 신길1호점','서울 영등포구 신길로42길 18-1 1층','02-831-8540','매일 12:00 - 24:00','Y','9');
INSERT INTO STORE (STORE_NO, STORE_NAME, STORE_ADDRESS, STORE_PHONE, STORE_TIME, STATUS, BRAND_NO) VALUES (SEQ_SNO.NEXTVAL,'호식이두마리치킨 대림점','서울 영등포구 대림로34다길 13','0504-0953-0717','매일 12:00 - 24:00','Y','9');
INSERT INTO STORE (STORE_NO, STORE_NAME, STORE_ADDRESS, STORE_PHONE, STORE_TIME, STATUS, BRAND_NO) VALUES (SEQ_SNO.NEXTVAL,'또래오래 영등포구청점','서울 영등포구 당산로29길 7-1','02-2678-6289','매일 11:30 - 00:30','Y','10');
INSERT INTO STORE (STORE_NO, STORE_NAME, STORE_ADDRESS, STORE_PHONE, STORE_TIME, STATUS, BRAND_NO) VALUES (SEQ_SNO.NEXTVAL,'또래오래 영등포신길점','서울 영등포구 여의대방로53길 36 상록수빌딩','02-845-8878','매일 12:00 - 23:00','Y','10');
INSERT INTO STORE (STORE_NO, STORE_NAME, STORE_ADDRESS, STORE_PHONE, STORE_TIME, STATUS, BRAND_NO) VALUES (SEQ_SNO.NEXTVAL,'지코바치킨 서울양평점','서울 영등포구 양평로 109','02-2068-9282','매일 15:00 - 24:00','Y','11');
INSERT INTO STORE (STORE_NO, STORE_NAME, STORE_ADDRESS, STORE_PHONE, STORE_TIME, STATUS, BRAND_NO) VALUES (SEQ_SNO.NEXTVAL,'지코바치킨 문래점','서울 영등포구 선유로13길 25 1층 110호 지코바','02-2257-8811','매일 11:00 - 23:00','Y','11');
INSERT INTO STORE (STORE_NO, STORE_NAME, STORE_ADDRESS, STORE_PHONE, STORE_TIME, STATUS, BRAND_NO) VALUES (SEQ_SNO.NEXTVAL,'지코바치킨 영등포1호점','서울 영등포구 국회대로54길 10 근린생활시설2동1층1호','0507-1319-8301','매일 11:00 - 04:50','Y','11');
INSERT INTO STORE (STORE_NO, STORE_NAME, STORE_ADDRESS, STORE_PHONE, STORE_TIME, STATUS, BRAND_NO) VALUES (SEQ_SNO.NEXTVAL,'지코바치킨 여의도점','서울 영등포구 여의대방로 394 우정빌딩 1층','02-785-9983','매일 11:00 - 01:30','Y','11');
INSERT INTO STORE (STORE_NO, STORE_NAME, STORE_ADDRESS, STORE_PHONE, STORE_TIME, STATUS, BRAND_NO) VALUES (SEQ_SNO.NEXTVAL,'지코바치킨 대림1호점','서울 영등포구 대림로46길 3 1층','02-849-9951',' ','Y','11');
INSERT INTO STORE (STORE_NO, STORE_NAME, STORE_ADDRESS, STORE_PHONE, STORE_TIME, STATUS, BRAND_NO) VALUES (SEQ_SNO.NEXTVAL,'지코바치킨 신길점','서울 영등포구 신길로 172','0507-744-8584','매일 12:00 - 01:30','Y','11');
INSERT INTO STORE (STORE_NO, STORE_NAME, STORE_ADDRESS, STORE_PHONE, STORE_TIME, STATUS, BRAND_NO) VALUES (SEQ_SNO.NEXTVAL,'푸라닭 대방점','서울 영등포구 가마산로89길 8 1층','0507-1337-8726','매일 17:00 - 24:00','Y','12');
INSERT INTO STORE (STORE_NO, STORE_NAME, STORE_ADDRESS, STORE_PHONE, STORE_TIME, STATUS, BRAND_NO) VALUES (SEQ_SNO.NEXTVAL,'푸라닭 당산점','서울 영등포구 당산로41길 11','02-2636-9206','매일 16:00 - 24:00','Y','12');
INSERT INTO STORE (STORE_NO, STORE_NAME, STORE_ADDRESS, STORE_PHONE, STORE_TIME, STATUS, BRAND_NO) VALUES (SEQ_SNO.NEXTVAL,'푸라닭 여의도점','서울 영등포구 여의대방로69길 7','02-782-9206','매일 16:00 -23:50','Y','12');
INSERT INTO STORE (STORE_NO, STORE_NAME, STORE_ADDRESS, STORE_PHONE, STORE_TIME, STATUS, BRAND_NO) VALUES (SEQ_SNO.NEXTVAL,'푸라닭 문래점','서울 영등포구 선유로 46','02-2678-9206','매일 10:30 - 24:00','Y','12');
INSERT INTO STORE (STORE_NO, STORE_NAME, STORE_ADDRESS, STORE_PHONE, STORE_TIME, STATUS, BRAND_NO) VALUES (SEQ_SNO.NEXTVAL,'푸라닭 대림점','서울 영등포구 디지털로 408','02-848-9206','매일 11:00 - 00:40','Y','12');
INSERT INTO STORE (STORE_NO, STORE_NAME, STORE_ADDRESS, STORE_PHONE, STORE_TIME, STATUS, BRAND_NO) VALUES (SEQ_SNO.NEXTVAL,'60계치킨 문래점','서울 영등포구 문래로 33 문래크라운팰리스 101동 101호','0507-1315-6099','매일 12:00 - 23:30','Y','13');
INSERT INTO STORE (STORE_NO, STORE_NAME, STORE_ADDRESS, STORE_PHONE, STORE_TIME, STATUS, BRAND_NO) VALUES (SEQ_SNO.NEXTVAL,'60계치킨 서울당산역점','서울 영등포구 당산로45길 1 1층 105호 (당산동5가, 당산 삼성쉐르빌)','02-2672-9282','매일 14:00 - 01:00','Y','13');
INSERT INTO STORE (STORE_NO, STORE_NAME, STORE_ADDRESS, STORE_PHONE, STORE_TIME, STATUS, BRAND_NO) VALUES (SEQ_SNO.NEXTVAL,'60계치킨 여의도점','서울 영등포구 국회대로72길 6','02-782-8260','매일 15:40 - 23:40','Y','13');
INSERT INTO STORE (STORE_NO, STORE_NAME, STORE_ADDRESS, STORE_PHONE, STORE_TIME, STATUS, BRAND_NO) VALUES (SEQ_SNO.NEXTVAL,'60계치킨 서울신풍역점','서울 영등포구 신풍로 33 1층 (신길동, 신영빌딩)','02-835-9282','매일 13:00 - 24:00','Y','13');
INSERT INTO STORE (STORE_NO, STORE_NAME, STORE_ADDRESS, STORE_PHONE, STORE_TIME, STATUS, BRAND_NO) VALUES (SEQ_SNO.NEXTVAL,'바른치킨 대림점','서울 영등포구 신길로 29 상가 102호','02-6448-5858','매일 15:30 - 24:00','Y','14');
INSERT INTO STORE (STORE_NO, STORE_NAME, STORE_ADDRESS, STORE_PHONE, STORE_TIME, STATUS, BRAND_NO) VALUES (SEQ_SNO.NEXTVAL,'바른치킨 당산SK점','서울 영등포구 당산로41길 11 1층 110호 (당산skv1센터 1층 상가)','0507-1448-5852','매일 16:00 - 22:00','Y','14');
INSERT INTO STORE (STORE_NO, STORE_NAME, STORE_ADDRESS, STORE_PHONE, STORE_TIME, STATUS, BRAND_NO) VALUES (SEQ_SNO.NEXTVAL,'노랑통닭 영등포구청역점','서울 영등포구 국회대로34길 13 1층','0507-1407-8291','매일 15:00 -02:00','Y','15');
INSERT INTO STORE (STORE_NO, STORE_NAME, STORE_ADDRESS, STORE_PHONE, STORE_TIME, STATUS, BRAND_NO) VALUES (SEQ_SNO.NEXTVAL,'노랑통닭 도림점','서울 영등포구 도림로113길 8 (도림동) 1층 103호','02-833-0823','매일 15:00 - 24:00','Y','15');
INSERT INTO STORE (STORE_NO, STORE_NAME, STORE_ADDRESS, STORE_PHONE, STORE_TIME, STATUS, BRAND_NO) VALUES (SEQ_SNO.NEXTVAL,'노랑통닭 여의도역점','서울 영등포구 의사당대로 108 아일렉스 아일렉스 지하 1증 F01호','02-785-3799','매일 15:00 - 23:00','Y','15');
INSERT INTO STORE (STORE_NO, STORE_NAME, STORE_ADDRESS, STORE_PHONE, STORE_TIME, STATUS, BRAND_NO) VALUES (SEQ_SNO.NEXTVAL,'맘스터치 당산역점','서울 영등포구 양평로 59 1층 101호','0507-1391-0702','매일 10:00 - 22:30','Y','16');
INSERT INTO STORE (STORE_NO, STORE_NAME, STORE_ADDRESS, STORE_PHONE, STORE_TIME, STATUS, BRAND_NO) VALUES (SEQ_SNO.NEXTVAL,'맘스터치 영등포문래점','서울 영등포구 문래로 77 대동오피스텔 1층','02-562-2707','매일 10:00 - 2200','Y','16');
INSERT INTO STORE (STORE_NO, STORE_NAME, STORE_ADDRESS, STORE_PHONE, STORE_TIME, STATUS, BRAND_NO) VALUES (SEQ_SNO.NEXTVAL,'맘스터치 영등포구청역점','서울 영등포구 당산로30길 7 1층 맘스터치','0507-1486-7749','매일 09:00 - 22:00','Y','16');
INSERT INTO STORE (STORE_NO, STORE_NAME, STORE_ADDRESS, STORE_PHONE, STORE_TIME, STATUS, BRAND_NO) VALUES (SEQ_SNO.NEXTVAL,'맘스터치 동여의도점','서울 영등포구 여의대방로 394','02-780-6469','매일 10:30 - 21:30','Y','16');
INSERT INTO STORE (STORE_NO, STORE_NAME, STORE_ADDRESS, STORE_PHONE, STORE_TIME, STATUS, BRAND_NO) VALUES (SEQ_SNO.NEXTVAL,'맘스터치 신풍역점','서울 영등포구 신길로 119 한화꿈에그린상가 114호 맘스터치신풍역점','0507-1483-3455','매일 10:00 - 22:00','Y','16');
INSERT INTO STORE (STORE_NO, STORE_NAME, STORE_ADDRESS, STORE_PHONE, STORE_TIME, STATUS, BRAND_NO) VALUES (SEQ_SNO.NEXTVAL,'맘스터치 선유도역점','서울 영등포구 양평로 119-1 1층 맘스터치','0507-1397-8864','매일 10:00 - 22:00','Y','16');
INSERT INTO STORE (STORE_NO, STORE_NAME, STORE_ADDRESS, STORE_PHONE, STORE_TIME, STATUS, BRAND_NO) VALUES (SEQ_SNO.NEXTVAL,'훌랄라 참숯바베큐치킨 당산역점','서울 영등포구 선유동2로 73','02-2671-9977','매일 15:00 - 01:00','Y','17');
INSERT INTO STORE (STORE_NO, STORE_NAME, STORE_ADDRESS, STORE_PHONE, STORE_TIME, STATUS, BRAND_NO) VALUES (SEQ_SNO.NEXTVAL,'훌랄라 참숯바베큐치킨 도림2점','서울 영등포구 도신로29길 6','02-831-9285',' ','Y','17');
INSERT INTO STORE (STORE_NO, STORE_NAME, STORE_ADDRESS, STORE_PHONE, STORE_TIME, STATUS, BRAND_NO) VALUES (SEQ_SNO.NEXTVAL,'또래오래 영등포구청점','서울 영등포구 당산로29길 7-1','02-2678-6289','매일 11:30 - 00:30','Y','18');
INSERT INTO STORE (STORE_NO, STORE_NAME, STORE_ADDRESS, STORE_PHONE, STORE_TIME, STATUS, BRAND_NO) VALUES (SEQ_SNO.NEXTVAL,'또래오래 영픙동신길점','서울 영등포구 여의대방로53길 36 상록수빌딩','02-845-8878','매일 12:00 - 23:00','Y','18');
INSERT INTO STORE (STORE_NO, STORE_NAME, STORE_ADDRESS, STORE_PHONE, STORE_TIME, STATUS, BRAND_NO) VALUES (SEQ_SNO.NEXTVAL,'치킨마루 신길점','서울 영등포구 영등포로 357 홍성빌딩 1층','02-846-1538','매일 12:00 - 00:30','Y','19');
INSERT INTO STORE (STORE_NO, STORE_NAME, STORE_ADDRESS, STORE_PHONE, STORE_TIME, STATUS, BRAND_NO) VALUES (SEQ_SNO.NEXTVAL,'치킨마루 당산점','서울 영등포구 당산로 164 1층','02-2635-9205','매일 14:00 - 24:00','Y','19');
INSERT INTO STORE (STORE_NO, STORE_NAME, STORE_ADDRESS, STORE_PHONE, STORE_TIME, STATUS, BRAND_NO) VALUES (SEQ_SNO.NEXTVAL,'치킨마루 대방역점','서울 영등포구 여의대방로62길 4','0507-1374-0106','매일 14:30 - 23:00','Y','19');
INSERT INTO STORE (STORE_NO, STORE_NAME, STORE_ADDRESS, STORE_PHONE, STORE_TIME, STATUS, BRAND_NO) VALUES (SEQ_SNO.NEXTVAL,'치킨마루 도림점','서울 영등포구 도신로29길 9','02-832-0708',' ','Y','19');
INSERT INTO STORE (STORE_NO, STORE_NAME, STORE_ADDRESS, STORE_PHONE, STORE_TIME, STATUS, BRAND_NO) VALUES (SEQ_SNO.NEXTVAL,'치킨마루 신풍점','서울 영등포구 신길로42길 22-1','02-842-9289','매일 01:00 - 23:50','Y','19');
INSERT INTO STORE (STORE_NO, STORE_NAME, STORE_ADDRESS, STORE_PHONE, STORE_TIME, STATUS, BRAND_NO) VALUES (SEQ_SNO.NEXTVAL,'또봉이통닭 서울영등포아크로타워점','서울 영등포구 국회대로54길 10 7동2호','02-6369-0025','매일 14:00 - 01:00','Y','20');
INSERT INTO STORE (STORE_NO, STORE_NAME, STORE_ADDRESS, STORE_PHONE, STORE_TIME, STATUS, BRAND_NO) VALUES (SEQ_SNO.NEXTVAL,'또봉이통닭 서울신길점','서울 영등포구 신길로42길 32','02-833-9285','매일 15:00 - 24:00','Y','20');

--------------------------------------------------------------------------------
--------------------------    MENU 관련    선주  -------------------------------------
--------------------------------------------------------------------------------
CREATE TABLE MENU (
    MENU_NO NUMBER PRIMARY KEY,
    MENU_NAME VARCHAR2(90) NOT NULL,
    MENU_PRICE NUMBER NOT NULL,
    MENU_CATEGORY VARCHAR2(90) NOT NULL,
    BRAND_NO NUMBER NOT NULL,
    FOREIGN KEY (BRAND_NO) REFERENCES BRAND (BRAND_NO)
);
ALTER TABLE MENU ADD MENU_DESC VARCHAR2(200);
COMMENT ON COLUMN MENU.MENU_DESC IS '메뉴설명';
ALTER TABLE MENU ADD STATUS CHAR(1) DEFAULT 'Y';
COMMENT ON COLUMN MENU.STATUS IS '메뉴상태';
ALTER TABLE menu ADD MENU_VIEW NUMBER DEFAULT 0;
COMMENT ON COLUMN MENU.MENU_VIEW IS '조회수';
COMMENT ON COLUMN MENU.MENU_NO IS '메뉴번호';
COMMENT ON COLUMN MENU.MENU_NAME IS '메뉴명';
COMMENT ON COLUMN MENU.MENU_PRICE  IS '메뉴가격';
COMMENT ON COLUMN MENU.MENU_CATEGORY IS '메뉴종류';
COMMENT ON COLUMN MENU.BRAND_NO IS '매장번호';

INSERT INTO MENU (MENU_NO, MENU_NAME, MENU_PRICE, MENU_CATEGORY, BRAND_NO, MENU_DESC, MENU_VIEW, STATUS) VALUES (SEQ_MENO.NEXTVAL,'파더s치킨',15000.0,'치킨',1,'담백하고 육즙 가득한 로스트 갈릭 한마리!',DEFAULT,'Y');
INSERT INTO MENU (MENU_NO, MENU_NAME, MENU_PRICE, MENU_CATEGORY, BRAND_NO, MENU_DESC, MENU_VIEW, STATUS) VALUES (SEQ_MENO.NEXTVAL,'황금올리브치킨"블랙페퍼"',21000.0,'치킨',1,'핫하고 알싸한 맛 핫싸! 블랙페퍼',DEFAULT,'Y');
INSERT INTO MENU (MENU_NO, MENU_NAME, MENU_PRICE, MENU_CATEGORY, BRAND_NO, MENU_DESC, MENU_VIEW, STATUS) VALUES (SEQ_MENO.NEXTVAL,'황금올리브치킨"레드착착"',21000.0,'치킨',1,'핫하게 착 감기는 맛 핫착! 레드착착',DEFAULT,'Y');
INSERT INTO MENU (MENU_NO, MENU_NAME, MENU_PRICE, MENU_CATEGORY, BRAND_NO, MENU_DESC, MENU_VIEW, STATUS) VALUES (SEQ_MENO.NEXTVAL,'황금올리브치킨"크런치버터"',24000.0,'치킨',1,'바삭한 황금올리브치킨에 달콤 짭잘한 버터향의 풍미와 핫하게 착 감기는 레드착착 시즈닝의 중독성 강한 메뉴!!',DEFAULT,'Y');
INSERT INTO MENU (MENU_NO, MENU_NAME, MENU_PRICE, MENU_CATEGORY, BRAND_NO, MENU_DESC, MENU_VIEW, STATUS) VALUES (SEQ_MENO.NEXTVAL,'오리지날양념치킨',21500.0,'치킨',1,'블루치즈의 부드러움과 과실의 산뜻한 만남',DEFAULT,'Y');
INSERT INTO MENU (MENU_NO, MENU_NAME, MENU_PRICE, MENU_CATEGORY, BRAND_NO, MENU_DESC, MENU_VIEW, STATUS) VALUES (SEQ_MENO.NEXTVAL,'매운양념치킨',22000.0,'치킨',1,'고추장 베이스의 감칠맛과 칼칼함이 어우러져, 핫하고 찐하게 땡기는 매운양념치킨',DEFAULT,'Y');
INSERT INTO MENU (MENU_NO, MENU_NAME, MENU_PRICE, MENU_CATEGORY, BRAND_NO, MENU_DESC, MENU_VIEW, STATUS) VALUES (SEQ_MENO.NEXTVAL,'황올한깐풍치킨',22000.0,'치킨',1,'BBQ 특제깐풍소스에 향긋한 대파와 고추를 곁들인 치맥의 절대 지존!',DEFAULT,'Y');
INSERT INTO MENU (MENU_NO, MENU_NAME, MENU_PRICE, MENU_CATEGORY, BRAND_NO, MENU_DESC, MENU_VIEW, STATUS) VALUES (SEQ_MENO.NEXTVAL,'극한왕갈비치킨',23000.0,'치킨',1,'단짠단짠 왕갈비 소스와 바삭한 치킨의 만남',DEFAULT,'Y');
INSERT INTO MENU (MENU_NO, MENU_NAME, MENU_PRICE, MENU_CATEGORY, BRAND_NO, MENU_DESC, MENU_VIEW, STATUS) VALUES (SEQ_MENO.NEXTVAL,'눈맞은닭(윙,봉)',25000.0,'치킨',1,'단짠단짠 바삭한 윙,봉 치킨 위에 눈꽃같은 갈릭스노우가 듬뿍!',DEFAULT,'Y');
INSERT INTO MENU (MENU_NO, MENU_NAME, MENU_PRICE, MENU_CATEGORY, BRAND_NO, MENU_DESC, MENU_VIEW, STATUS) VALUES (SEQ_MENO.NEXTVAL,'자메이카통다리구이',21500.0,'치킨',1,'자메이카 저크소스를 발라 더욱 맛있는 통다리구이',DEFAULT,'Y');
INSERT INTO MENU (MENU_NO, MENU_NAME, MENU_PRICE, MENU_CATEGORY, BRAND_NO, MENU_DESC, MENU_VIEW, STATUS) VALUES (SEQ_MENO.NEXTVAL,'스모크치킨',18000.0,'치킨',1,'물참나무 향 솔솔~ 담백한 엉치살 구이',DEFAULT,'Y');
INSERT INTO MENU (MENU_NO, MENU_NAME, MENU_PRICE, MENU_CATEGORY, BRAND_NO, MENU_DESC, MENU_VIEW, STATUS) VALUES (SEQ_MENO.NEXTVAL,'더블팝순살양념',23000.0,'치킨',2,'깊고 진한 바베큐소스 양념 위에 치즈크림소스가 더블!',DEFAULT,'Y');
INSERT INTO MENU (MENU_NO, MENU_NAME, MENU_PRICE, MENU_CATEGORY, BRAND_NO, MENU_DESC, MENU_VIEW, STATUS) VALUES (SEQ_MENO.NEXTVAL,'더블팝순살후라이드',22000.0,'치킨',2,'크런치한 바삭함과 촉촉 부드러운 순살이 더블',DEFAULT,'Y');
INSERT INTO MENU (MENU_NO, MENU_NAME, MENU_PRICE, MENU_CATEGORY, BRAND_NO, MENU_DESC, MENU_VIEW, STATUS) VALUES (SEQ_MENO.NEXTVAL,'스윗킹폭립',28000.0,'치킨',2,'부드럽고 촉촉한 두툼한 폭립위에 바비큐소스 앤 후레이크로 튀겨낸 단짠!바싹!한 스윗킹 폭립',DEFAULT,'Y');
INSERT INTO MENU (MENU_NO, MENU_NAME, MENU_PRICE, MENU_CATEGORY, BRAND_NO, MENU_DESC, MENU_VIEW, STATUS) VALUES (SEQ_MENO.NEXTVAL,'뿌링클',18000.0,'치킨',2,'뿌링뿌링! 세상에 없던 마법의 맛 뿌링클',DEFAULT,'Y');
INSERT INTO MENU (MENU_NO, MENU_NAME, MENU_PRICE, MENU_CATEGORY, BRAND_NO, MENU_DESC, MENU_VIEW, STATUS) VALUES (SEQ_MENO.NEXTVAL,'레드킹폭립',28000.0,'치킨',2,'겉바속촉하게 튀겨진 폭립위에 크런치 후레이크로 바삭하게! 한 번 맛보면 빠져들 수 밖에 없는 매콤한 레드킹소스와의 만남!',DEFAULT,'Y');
INSERT INTO MENU (MENU_NO, MENU_NAME, MENU_PRICE, MENU_CATEGORY, BRAND_NO, MENU_DESC, MENU_VIEW, STATUS) VALUES (SEQ_MENO.NEXTVAL,'고추장직화구이',14000.0,'치킨',2,'직화로 구워낸 닭에 한국의 매운맛 고추장 소스를 더해 맵싸한 직화구이 치킨',DEFAULT,'Y');
INSERT INTO MENU (MENU_NO, MENU_NAME, MENU_PRICE, MENU_CATEGORY, BRAND_NO, MENU_DESC, MENU_VIEW, STATUS) VALUES (SEQ_MENO.NEXTVAL,'치퐁당 후라이드',20000.0,'치킨',2,'새우,마늘 후레이크에 치킨이 퐁당! 풍미가득한 맛과 후레이크의 바삭한 매력에 빠지다.',DEFAULT,'Y');
INSERT INTO MENU (MENU_NO, MENU_NAME, MENU_PRICE, MENU_CATEGORY, BRAND_NO, MENU_DESC, MENU_VIEW, STATUS) VALUES (SEQ_MENO.NEXTVAL,'하바네로 포테킹 후라이드',20000.0,'치킨',2,'포텐폭발! 바삭한 감자가 팡팡, 세상에 없던 리얼 감자 후라이드',DEFAULT,'Y');
INSERT INTO MENU (MENU_NO, MENU_NAME, MENU_PRICE, MENU_CATEGORY, BRAND_NO, MENU_DESC, MENU_VIEW, STATUS) VALUES (SEQ_MENO.NEXTVAL,'맵소킹',18000.0,'치킨',2,'맵소맵소! "맵소킹" 감탄과 함께 눈물이 찔끔 날 듯한 홍고추의 알싸한 매운 맛',DEFAULT,'Y');
INSERT INTO MENU (MENU_NO, MENU_NAME, MENU_PRICE, MENU_CATEGORY, BRAND_NO, MENU_DESC, MENU_VIEW, STATUS) VALUES (SEQ_MENO.NEXTVAL,'골드킹',17000.0,'치킨',2,'단짠단짠! 숙성간장과 꿀의 황금비율',DEFAULT,'Y');
INSERT INTO MENU (MENU_NO, MENU_NAME, MENU_PRICE, MENU_CATEGORY, BRAND_NO, MENU_DESC, MENU_VIEW, STATUS) VALUES (SEQ_MENO.NEXTVAL,'커리퀸',18000.0,'치킨',2,'나마스테! 인도 커리 파우더와 로스팅 갈릭 시즈닝을 더해 이국적인 맛',DEFAULT,'Y');
INSERT INTO MENU (MENU_NO, MENU_NAME, MENU_PRICE, MENU_CATEGORY, BRAND_NO, MENU_DESC, MENU_VIEW, STATUS) VALUES (SEQ_MENO.NEXTVAL,'맛쵸킹',18000.0,'치킨',2,'매콤짭짤! 밥과 함께 먹기에 딱 좋은 완벽조합',DEFAULT,'Y');
INSERT INTO MENU (MENU_NO, MENU_NAME, MENU_PRICE, MENU_CATEGORY, BRAND_NO, MENU_DESC, MENU_VIEW, STATUS) VALUES (SEQ_MENO.NEXTVAL,'해바라기 후라이드',17000.0,'치킨',2,'명불허전! 바삭함, 고소함 가득! 정직하게 튀긴 후라이드 치킨의 정석',DEFAULT,'Y');
INSERT INTO MENU (MENU_NO, MENU_NAME, MENU_PRICE, MENU_CATEGORY, BRAND_NO, MENU_DESC, MENU_VIEW, STATUS) VALUES (SEQ_MENO.NEXTVAL,'웨지감자',5500.0,'감자튀김',2,'깊고 풍부한 감자 본연의 맛 그대로 부드러움과 바삭함이 살아잇는 웨지감자 튀김',DEFAULT,'Y');
INSERT INTO MENU (MENU_NO, MENU_NAME, MENU_PRICE, MENU_CATEGORY, BRAND_NO, MENU_DESC, MENU_VIEW, STATUS) VALUES (SEQ_MENO.NEXTVAL,'분모자로제떡볶이',5500.0,'떡볶이',2,'매콤달콤 진한 로제소스와 쫄깃한 분모자가 어우러진 신개념 떡볶이',DEFAULT,'Y');
INSERT INTO MENU (MENU_NO, MENU_NAME, MENU_PRICE, MENU_CATEGORY, BRAND_NO, MENU_DESC, MENU_VIEW, STATUS) VALUES (SEQ_MENO.NEXTVAL,'크림치즈트위스트',5500.0,'기타',2,'쫄깃 바삭한 꽈배기 속에 고소하고 진한 풍미의 크림치즈가 가득한 프리미엄 꽈배기',DEFAULT,'Y');
INSERT INTO MENU (MENU_NO, MENU_NAME, MENU_PRICE, MENU_CATEGORY, BRAND_NO, MENU_DESC, MENU_VIEW, STATUS) VALUES (SEQ_MENO.NEXTVAL,'뿌링멘보샤',6000.0,'기타',2,'통통한 새우살과 바삭한 바게트 빵을 이용한 bhc만의 특별한 멘보샤',DEFAULT,'Y');
INSERT INTO MENU (MENU_NO, MENU_NAME, MENU_PRICE, MENU_CATEGORY, BRAND_NO, MENU_DESC, MENU_VIEW, STATUS) VALUES (SEQ_MENO.NEXTVAL,'뿌링감자',4500.0,'감자튀김',2,'뿌링뿌링 마법의 가루가 더해진 바삭한 케이준 프라이',DEFAULT,'Y');
INSERT INTO MENU (MENU_NO, MENU_NAME, MENU_PRICE, MENU_CATEGORY, BRAND_NO, MENU_DESC, MENU_VIEW, STATUS) VALUES (SEQ_MENO.NEXTVAL,'케이준프라이',3500.0,'감자튀김',2,'깨끗하고 고소한 해바라기유로 바삭 튀긴 케이준 프라이',DEFAULT,'Y');
INSERT INTO MENU (MENU_NO, MENU_NAME, MENU_PRICE, MENU_CATEGORY, BRAND_NO, MENU_DESC, MENU_VIEW, STATUS) VALUES (SEQ_MENO.NEXTVAL,'뿌링소떡',3500.0,'떡볶이',2,'뿌링뿌링, 마법의 가루가 더해진 소시지와 떡의 찰떡궁합 쫄깃달콤한 소떡',DEFAULT,'Y');
INSERT INTO MENU (MENU_NO, MENU_NAME, MENU_PRICE, MENU_CATEGORY, BRAND_NO, MENU_DESC, MENU_VIEW, STATUS) VALUES (SEQ_MENO.NEXTVAL,'치즈떡볶이그라탕',13000.0,'떡볶이',2,'떡볶이 위에 진한 모짜렐라치즈를 토핑한 그라탕 타입의 떡볶이',DEFAULT,'Y');
INSERT INTO MENU (MENU_NO, MENU_NAME, MENU_PRICE, MENU_CATEGORY, BRAND_NO, MENU_DESC, MENU_VIEW, STATUS) VALUES (SEQ_MENO.NEXTVAL,'딥치즈포테이토',8000.0,'감자튀김',2,'시즈닝 감자와 치즈, 베이컨의 단짠조합',DEFAULT,'Y');
INSERT INTO MENU (MENU_NO, MENU_NAME, MENU_PRICE, MENU_CATEGORY, BRAND_NO, MENU_DESC, MENU_VIEW, STATUS) VALUES (SEQ_MENO.NEXTVAL,'방콕점보윙',22000.0,'치킨',3,'[시즌한정] 태국 타마린드 소스로 태국풍의 감칠맛을, 크러쉬드 페퍼로 현지식 매운맛을 살린 태국산 통날개 치킨',DEFAULT,'Y');
INSERT INTO MENU (MENU_NO, MENU_NAME, MENU_PRICE, MENU_CATEGORY, BRAND_NO, MENU_DESC, MENU_VIEW, STATUS) VALUES (SEQ_MENO.NEXTVAL,'블랙시크릿오리지날',20000.0,'치킨',3,'다섯 가지 맛과 향을 내는 오향에 맛 간장과 흑임자, 청양고추를 더한 깊은 풍미의 치킨',DEFAULT,'Y');
INSERT INTO MENU (MENU_NO, MENU_NAME, MENU_PRICE, MENU_CATEGORY, BRAND_NO, MENU_DESC, MENU_VIEW, STATUS) VALUES (SEQ_MENO.NEXTVAL,'교촌오리지날',19000.0,'치킨',3,'교촌만의 차별화된 마늘과 간장 소스의 풍부한 맛이 어우러진 한 마리 치킨',DEFAULT,'Y');
INSERT INTO MENU (MENU_NO, MENU_NAME, MENU_PRICE, MENU_CATEGORY, BRAND_NO, MENU_DESC, MENU_VIEW, STATUS) VALUES (SEQ_MENO.NEXTVAL,'허니콤보',23000.0,'치킨',3,'달콤한 허니소스에 쫄깃한 날개와 담백한 다리가 만난 메뉴',DEFAULT,'Y');
INSERT INTO MENU (MENU_NO, MENU_NAME, MENU_PRICE, MENU_CATEGORY, BRAND_NO, MENU_DESC, MENU_VIEW, STATUS) VALUES (SEQ_MENO.NEXTVAL,'레드콤보',23000.0,'치킨',3,'국내산 청양 홍고추의 매콤한 맛에 날개와 다리를 함께 즐길 수 있는 메뉴',DEFAULT,'Y');
INSERT INTO MENU (MENU_NO, MENU_NAME, MENU_PRICE, MENU_CATEGORY, BRAND_NO, MENU_DESC, MENU_VIEW, STATUS) VALUES (SEQ_MENO.NEXTVAL,'리얼후라이드',20000.0,'치킨',3,'오트밀, 퀴노아, 아마란스 등 슈퍼푸드로 바삭함을 살린 후라이드',DEFAULT,'Y');
INSERT INTO MENU (MENU_NO, MENU_NAME, MENU_PRICE, MENU_CATEGORY, BRAND_NO, MENU_DESC, MENU_VIEW, STATUS) VALUES (SEQ_MENO.NEXTVAL,'살살후라이드',20000.0,'치킨',3,'가슴살과 다리살이 쌀가루와 만나 고소하고 바삭한 맛이 일품',DEFAULT,'Y');
INSERT INTO MENU (MENU_NO, MENU_NAME, MENU_PRICE, MENU_CATEGORY, BRAND_NO, MENU_DESC, MENU_VIEW, STATUS) VALUES (SEQ_MENO.NEXTVAL,'츠쿠네어묵탕',18000.0,'기타',3,'탱글한 식감이 일품인 츠쿠네(닭완자꼬치)를 넣어 깔끔한 국물맛이 일품인 교촌어묵탕',DEFAULT,'Y');
INSERT INTO MENU (MENU_NO, MENU_NAME, MENU_PRICE, MENU_CATEGORY, BRAND_NO, MENU_DESC, MENU_VIEW, STATUS) VALUES (SEQ_MENO.NEXTVAL,'퐁듀치즈볼',6000.0,'기타',3,'쫄깃한 찹쌀볼을 한 입 물면 퐁듀치즈가 와르르! 쫄깃 바삭 퐁듀치즈볼',DEFAULT,'Y');
INSERT INTO MENU (MENU_NO, MENU_NAME, MENU_PRICE, MENU_CATEGORY, BRAND_NO, MENU_DESC, MENU_VIEW, STATUS) VALUES (SEQ_MENO.NEXTVAL,'슈프림양념치킨블랙라벨',22000.0,'치킨',4,'가다랑어포로 맛을 낸 자연숙성 블랙소스의 깊은 풍미에 슈프림양념의 단짠 매력을 더한 프리미엄 양념치킨',DEFAULT,'Y');
INSERT INTO MENU (MENU_NO, MENU_NAME, MENU_PRICE, MENU_CATEGORY, BRAND_NO, MENU_DESC, MENU_VIEW, STATUS) VALUES (SEQ_MENO.NEXTVAL,'XO양념치킨',21000.0,'치킨',4,'일명 미식가의 소스로 불리며, 음식의 가치를 높여주는 고급스러운 풍미와 감칠맛이 특징',DEFAULT,'Y');
INSERT INTO MENU (MENU_NO, MENU_NAME, MENU_PRICE, MENU_CATEGORY, BRAND_NO, MENU_DESC, MENU_VIEW, STATUS) VALUES (SEQ_MENO.NEXTVAL,'치킨치즈볼골드',6000.0,'기타',4,'체다치즈와 슈프림소스가 만나 단짠력 2배!',DEFAULT,'Y');
INSERT INTO MENU (MENU_NO, MENU_NAME, MENU_PRICE, MENU_CATEGORY, BRAND_NO, MENU_DESC, MENU_VIEW, STATUS) VALUES (SEQ_MENO.NEXTVAL,'고추치킨',21000.0,'치킨',4,'100% 청양산 햇고추만을 사용하여 깊고 진한 매운맛이 특징',DEFAULT,'Y');
INSERT INTO MENU (MENU_NO, MENU_NAME, MENU_PRICE, MENU_CATEGORY, BRAND_NO, MENU_DESC, MENU_VIEW, STATUS) VALUES (SEQ_MENO.NEXTVAL,'트러블슈프림양념치킨',22000.0,'치킨',4,'세계3대진미 ''트러플''과 ''슈프림양념치킨''의 만남!',DEFAULT,'Y');
INSERT INTO MENU (MENU_NO, MENU_NAME, MENU_PRICE, MENU_CATEGORY, BRAND_NO, MENU_DESC, MENU_VIEW, STATUS) VALUES (SEQ_MENO.NEXTVAL,'허니올리고당야채양념치킨',19000.0,'치킨',4,'물엿이나 설탕 대신 올리고당과 벌꿀, 생야채를 기반으로 맛을 낸 양념소스가 어우러진 처갓집 대표메뉴',DEFAULT,'Y');
INSERT INTO MENU (MENU_NO, MENU_NAME, MENU_PRICE, MENU_CATEGORY, BRAND_NO, MENU_DESC, MENU_VIEW, STATUS) VALUES (SEQ_MENO.NEXTVAL,'매운불양념치킨',20000.0,'치킨',4,'캡사이신이 아닌 청양고추의 진하고 깊은 매운맛에 양념치킨의 달콤함까지 겸비한 색다른 양념치킨',DEFAULT,'Y');
INSERT INTO MENU (MENU_NO, MENU_NAME, MENU_PRICE, MENU_CATEGORY, BRAND_NO, MENU_DESC, MENU_VIEW, STATUS) VALUES (SEQ_MENO.NEXTVAL,'슈프림양념치킨',21000.0,'치킨',4,'바삭한 후라이드 치킨 위에 허니올리고당야채양념과 신비의 하얀 소스가 뿌려진 이색적인 양념치킨',DEFAULT,'Y');
INSERT INTO MENU (MENU_NO, MENU_NAME, MENU_PRICE, MENU_CATEGORY, BRAND_NO, MENU_DESC, MENU_VIEW, STATUS) VALUES (SEQ_MENO.NEXTVAL,'핫슈프림양념치킨',21000.0,'치킨',4,'처갓집양념치킨의 특제 핫소스에 부드러운 화이트소스가 한번 더 해진 치킨',DEFAULT,'Y');
INSERT INTO MENU (MENU_NO, MENU_NAME, MENU_PRICE, MENU_CATEGORY, BRAND_NO, MENU_DESC, MENU_VIEW, STATUS) VALUES (SEQ_MENO.NEXTVAL,'치즈슈프림양념치킨',21000.0,'치킨',4,'바삭한 후라이드 치킨위에 허니올리고당야채양념과 깊고 진한 치즈소스를 한번 더뿌려낸 세상에 없던 치즈 치킨',DEFAULT,'Y');
INSERT INTO MENU (MENU_NO, MENU_NAME, MENU_PRICE, MENU_CATEGORY, BRAND_NO, MENU_DESC, MENU_VIEW, STATUS) VALUES (SEQ_MENO.NEXTVAL,'슈퍼골드양념치킨',22000.0,'치킨',4,'2018년 동계 특별메뉴! 새하얀 슈프림 소스에 금빛 치즈가루가 한 번 더!',DEFAULT,'Y');
INSERT INTO MENU (MENU_NO, MENU_NAME, MENU_PRICE, MENU_CATEGORY, BRAND_NO, MENU_DESC, MENU_VIEW, STATUS) VALUES (SEQ_MENO.NEXTVAL,'핫불훈제치킨',21000.0,'치킨',4,'국내산 영계를 선별하여 참나무 향으로 훈연 가공해 기름이 쪽 빠져 담백한 치킨',DEFAULT,'Y');
INSERT INTO MENU (MENU_NO, MENU_NAME, MENU_PRICE, MENU_CATEGORY, BRAND_NO, MENU_DESC, MENU_VIEW, STATUS) VALUES (SEQ_MENO.NEXTVAL,'와락치킨',20000.0,'치킨',4,'바삭하게 튀긴 치킨을 깊은 볼에서 간장소스와 함께 강한 불로 볶아내어 달콤짭쪼름한 맛과 향을 느낄수 있는 치킨',DEFAULT,'Y');
INSERT INTO MENU (MENU_NO, MENU_NAME, MENU_PRICE, MENU_CATEGORY, BRAND_NO, MENU_DESC, MENU_VIEW, STATUS) VALUES (SEQ_MENO.NEXTVAL,'근위볶음',12000.0,'기타',4,'근위볶음',DEFAULT,'Y');
INSERT INTO MENU (MENU_NO, MENU_NAME, MENU_PRICE, MENU_CATEGORY, BRAND_NO, MENU_DESC, MENU_VIEW, STATUS) VALUES (SEQ_MENO.NEXTVAL,'슈프림골드치즈볼',4000.0,'기타',4,'입안 가득 터지는 ''모짜렐라 , 고다치즈''! 여기에 ''슈프림 골드치즈''를 한번더!',DEFAULT,'Y');
INSERT INTO MENU (MENU_NO, MENU_NAME, MENU_PRICE, MENU_CATEGORY, BRAND_NO, MENU_DESC, MENU_VIEW, STATUS) VALUES (SEQ_MENO.NEXTVAL,'마늘치킨',19000.0,'치킨',5,'오리지널치킨에 국내산 마늘을 직접 갈아 마늘소스를 바른 치킨.',DEFAULT,'Y');
INSERT INTO MENU (MENU_NO, MENU_NAME, MENU_PRICE, MENU_CATEGORY, BRAND_NO, MENU_DESC, MENU_VIEW, STATUS) VALUES (SEQ_MENO.NEXTVAL,'파닭치킨',19000.0,'치킨',5,'오리지널 치킨과 새콤달콤 톡 쏘는 겨자소스를 버무린 파채와의 만남.',DEFAULT,'Y');
INSERT INTO MENU (MENU_NO, MENU_NAME, MENU_PRICE, MENU_CATEGORY, BRAND_NO, MENU_DESC, MENU_VIEW, STATUS) VALUES (SEQ_MENO.NEXTVAL,'간장치킨',18000.0,'치킨',5,'먹어도 질리지 않는 깔끔한 맛 치킨.',DEFAULT,'Y');
INSERT INTO MENU (MENU_NO, MENU_NAME, MENU_PRICE, MENU_CATEGORY, BRAND_NO, MENU_DESC, MENU_VIEW, STATUS) VALUES (SEQ_MENO.NEXTVAL,'핫칠리치킨',20000.0,'치킨',5,'매콤 달콤 청양고추와 핫소스를 졸여 만든 치킨. 카사바칩의 부드러운 식감과 고소한 맛까지!',DEFAULT,'Y');
INSERT INTO MENU (MENU_NO, MENU_NAME, MENU_PRICE, MENU_CATEGORY, BRAND_NO, MENU_DESC, MENU_VIEW, STATUS) VALUES (SEQ_MENO.NEXTVAL,'핫데블치킨',20000.0,'치킨',5,'한국 청양고추, 베트남 쥐똥고추, 인도 부트졸로 키아고추, 아시아 3국의 핫한 맛이 한자리 모였다.',DEFAULT,'Y');
INSERT INTO MENU (MENU_NO, MENU_NAME, MENU_PRICE, MENU_CATEGORY, BRAND_NO, MENU_DESC, MENU_VIEW, STATUS) VALUES (SEQ_MENO.NEXTVAL,'레드마블치킨',20000.0,'치킨',6,'숯불 향이 가득한 레드소스에 마블크림의환상 마블링!',DEFAULT,'Y');
INSERT INTO MENU (MENU_NO, MENU_NAME, MENU_PRICE, MENU_CATEGORY, BRAND_NO, MENU_DESC, MENU_VIEW, STATUS) VALUES (SEQ_MENO.NEXTVAL,'코찡마요치킨',19000.0,'치킨',6,'코가 찡~ 톡 쏘는 고추냉이의 화끈한 맛',DEFAULT,'Y');
INSERT INTO MENU (MENU_NO, MENU_NAME, MENU_PRICE, MENU_CATEGORY, BRAND_NO, MENU_DESC, MENU_VIEW, STATUS) VALUES (SEQ_MENO.NEXTVAL,'청양마요치킨',19000.0,'치킨',6,'아삭한 양파와 매콤한 청양마요소스 맛의 대조화!',DEFAULT,'Y');
INSERT INTO MENU (MENU_NO, MENU_NAME, MENU_PRICE, MENU_CATEGORY, BRAND_NO, MENU_DESC, MENU_VIEW, STATUS) VALUES (SEQ_MENO.NEXTVAL,'레드마요치킨',19000.0,'치킨',6,'네네 비법소스와 마요네즈의 찰떡궁합! 더불어 웨지감자의 알찬구성!',DEFAULT,'Y');
INSERT INTO MENU (MENU_NO, MENU_NAME, MENU_PRICE, MENU_CATEGORY, BRAND_NO, MENU_DESC, MENU_VIEW, STATUS) VALUES (SEQ_MENO.NEXTVAL,'어니언스노윙',19000.0,'치킨',6,'같은 치즈도 특별하게 먹는 나만의 방법',DEFAULT,'Y');
INSERT INTO MENU (MENU_NO, MENU_NAME, MENU_PRICE, MENU_CATEGORY, BRAND_NO, MENU_DESC, MENU_VIEW, STATUS) VALUES (SEQ_MENO.NEXTVAL,'치즈스노윙',19000.0,'치킨',6,'입 안에서 사르르 녹는 스노윙 치즈',DEFAULT,'Y');
INSERT INTO MENU (MENU_NO, MENU_NAME, MENU_PRICE, MENU_CATEGORY, BRAND_NO, MENU_DESC, MENU_VIEW, STATUS) VALUES (SEQ_MENO.NEXTVAL,'매콤치즈스노윙',19000.0,'치킨',6,'바삭한 치킨 위에 매콤한 눈이 내린다! 스노윙, 이번엔 빨간 맛!',DEFAULT,'Y');
INSERT INTO MENU (MENU_NO, MENU_NAME, MENU_PRICE, MENU_CATEGORY, BRAND_NO, MENU_DESC, MENU_VIEW, STATUS) VALUES (SEQ_MENO.NEXTVAL,'오리엔탈파닭',19000.0,'치킨',6,'새콤달콤 짭쪼름한 오리엔탈소스에 신선한 파가 듬뿍',DEFAULT,'Y');
INSERT INTO MENU (MENU_NO, MENU_NAME, MENU_PRICE, MENU_CATEGORY, BRAND_NO, MENU_DESC, MENU_VIEW, STATUS) VALUES (SEQ_MENO.NEXTVAL,'소이갈릭치킨',19000.0,'치킨',6,'짭쪼름한 소이갈릭치킨',DEFAULT,'Y');
INSERT INTO MENU (MENU_NO, MENU_NAME, MENU_PRICE, MENU_CATEGORY, BRAND_NO, MENU_DESC, MENU_VIEW, STATUS) VALUES (SEQ_MENO.NEXTVAL,'로제게티',9000.0,'기타',6,'부드러운 로제 떡볶이 소스와 파스타 면의 만남',DEFAULT,'Y');
INSERT INTO MENU (MENU_NO, MENU_NAME, MENU_PRICE, MENU_CATEGORY, BRAND_NO, MENU_DESC, MENU_VIEW, STATUS) VALUES (SEQ_MENO.NEXTVAL,'스팸튀김',4000.0,'기타',6,'한입에 쏙! 간편하고 크리스피한 스팸튀김',DEFAULT,'Y');
INSERT INTO MENU (MENU_NO, MENU_NAME, MENU_PRICE, MENU_CATEGORY, BRAND_NO, MENU_DESC, MENU_VIEW, STATUS) VALUES (SEQ_MENO.NEXTVAL,'맛밤고구마스틱',4000.0,'기타',6,'맛밤이 콕콕! 밤과 고구마의 만남',DEFAULT,'Y');
INSERT INTO MENU (MENU_NO, MENU_NAME, MENU_PRICE, MENU_CATEGORY, BRAND_NO, MENU_DESC, MENU_VIEW, STATUS) VALUES (SEQ_MENO.NEXTVAL,'럭키버킷볼',3500.0,'기타',6,'행운 가득한 버킷 볼 안에 맥앤치즈도 가득',DEFAULT,'Y');
INSERT INTO MENU (MENU_NO, MENU_NAME, MENU_PRICE, MENU_CATEGORY, BRAND_NO, MENU_DESC, MENU_VIEW, STATUS) VALUES (SEQ_MENO.NEXTVAL,'네네스위틱',3000.0,'기타',6,'고구마와 치즈의 달콤한 만남',DEFAULT,'Y');
INSERT INTO MENU (MENU_NO, MENU_NAME, MENU_PRICE, MENU_CATEGORY, BRAND_NO, MENU_DESC, MENU_VIEW, STATUS) VALUES (SEQ_MENO.NEXTVAL,'네네감자튀김',3000.0,'감자튀김',6,'바삭하고 포슬포슬한 감자튀김~',DEFAULT,'Y');
INSERT INTO MENU (MENU_NO, MENU_NAME, MENU_PRICE, MENU_CATEGORY, BRAND_NO, MENU_DESC, MENU_VIEW, STATUS) VALUES (SEQ_MENO.NEXTVAL,'남해마늘바사삭',19000.0,'치킨',7,'고소한 구운 마늘 풍미 가득! 100% 남해마늘을 사용한 굽네의 새로운 바사삭! 구운 마늘 토핑과 알블링 소스로 더 다채로운 마늘맛을 느껴보세요.',DEFAULT,'Y');
INSERT INTO MENU (MENU_NO, MENU_NAME, MENU_PRICE, MENU_CATEGORY, BRAND_NO, MENU_DESC, MENU_VIEW, STATUS) VALUES (SEQ_MENO.NEXTVAL,'고추바사삭',18000.0,'치킨',7,'한번도 안먹은 사람은 있어도 한번만 먹은 사람은 없다는 그 메뉴 1초에 1마리씩 팔리는 1초치킨, 매콤바삭 고추바사삭!',DEFAULT,'Y');
INSERT INTO MENU (MENU_NO, MENU_NAME, MENU_PRICE, MENU_CATEGORY, BRAND_NO, MENU_DESC, MENU_VIEW, STATUS) VALUES (SEQ_MENO.NEXTVAL,'불금치킨',18000.0,'치킨',7,'불맛이 화르르~ 금빛 갈릭소스가 사르르~ 불금치킨과 함께라면 매일매일이 불금이다!',DEFAULT,'Y');
INSERT INTO MENU (MENU_NO, MENU_NAME, MENU_PRICE, MENU_CATEGORY, BRAND_NO, MENU_DESC, MENU_VIEW, STATUS) VALUES (SEQ_MENO.NEXTVAL,'치즈바사삭',18000.0,'치킨',7,'치즈 파우더로 굽고, 그 위에 콰트로 치즈 시즈닝을 한번 더 와르르!''진짜'' 치즈 치킨의 등장, 더블치즈 레시피로 만든 치즈 바사삭!',DEFAULT,'Y');
INSERT INTO MENU (MENU_NO, MENU_NAME, MENU_PRICE, MENU_CATEGORY, BRAND_NO, MENU_DESC, MENU_VIEW, STATUS) VALUES (SEQ_MENO.NEXTVAL,'볼케이노',18000.0,'치킨',7,'중독성 있는 불맛이 화산처럼 터진다! 대한민국에 매운 치킨,치밥 열풍을 일으킨 주역',DEFAULT,'Y');
INSERT INTO MENU (MENU_NO, MENU_NAME, MENU_PRICE, MENU_CATEGORY, BRAND_NO, MENU_DESC, MENU_VIEW, STATUS) VALUES (SEQ_MENO.NEXTVAL,'오븐바사삭',17000.0,'치킨',7,'드디어 찾았다... 세상에 없던 바삭함. 오직 굽네에서만 맛볼 수 있는 오븐만의 바사삭!',DEFAULT,'Y');
INSERT INTO MENU (MENU_NO, MENU_NAME, MENU_PRICE, MENU_CATEGORY, BRAND_NO, MENU_DESC, MENU_VIEW, STATUS) VALUES (SEQ_MENO.NEXTVAL,'허니멜로',18000.0,'치킨',7,'이런 달콤함은 없을걸? 허니에 홀그레인 머스터드의 고급진 알싸함과 베이컨 풍미를 더한 색다른 달콤함의 치킨!',DEFAULT,'Y');
INSERT INTO MENU (MENU_NO, MENU_NAME, MENU_PRICE, MENU_CATEGORY, BRAND_NO, MENU_DESC, MENU_VIEW, STATUS) VALUES (SEQ_MENO.NEXTVAL,'갈비천왕',18000.0,'치킨',7,'치킨이 반찬~?! 밥과 함께하면 오늘의 일품요리 갈비양념의 깊은 맛을 그대로 품은 단짠단짠의 정석!',DEFAULT,'Y');
INSERT INTO MENU (MENU_NO, MENU_NAME, MENU_PRICE, MENU_CATEGORY, BRAND_NO, MENU_DESC, MENU_VIEW, STATUS) VALUES (SEQ_MENO.NEXTVAL,'폭립',19000.0,'치킨',7,'폭립',DEFAULT,'Y');
INSERT INTO MENU (MENU_NO, MENU_NAME, MENU_PRICE, MENU_CATEGORY, BRAND_NO, MENU_DESC, MENU_VIEW, STATUS) VALUES (SEQ_MENO.NEXTVAL,'맵달떡볶이',8000.0,'떡볶이',7,'매콤하게 때론 달콤하게 나를 위로하는 소울푸드 맵달떡볶이',DEFAULT,'Y');
INSERT INTO MENU (MENU_NO, MENU_NAME, MENU_PRICE, MENU_CATEGORY, BRAND_NO, MENU_DESC, MENU_VIEW, STATUS) VALUES (SEQ_MENO.NEXTVAL,'에그타르트',4300.0,'기타',7,'굽네에서만 즐길 수 있는 오븐에서 갓 구운 디저트 메뉴! 결이 살아있는 바삭한 패스츄리에 달콤하고 부드러운 커스터드 크림이 가~득한 에그타르트',DEFAULT,'Y');
INSERT INTO MENU (MENU_NO, MENU_NAME, MENU_PRICE, MENU_CATEGORY, BRAND_NO, MENU_DESC, MENU_VIEW, STATUS) VALUES (SEQ_MENO.NEXTVAL,'양념히어로',18000.0,'치킨',7,'맵지 않아 온 가족에게 딱 좋은 양념치킨 33가지 재료로 만들어 부드럽게 달콤하다구!',DEFAULT,'Y');
INSERT INTO MENU (MENU_NO, MENU_NAME, MENU_PRICE, MENU_CATEGORY, BRAND_NO, MENU_DESC, MENU_VIEW, STATUS) VALUES (SEQ_MENO.NEXTVAL,'마늘알마니치킨',19000.0,'치킨',8,'치킨 한 마리에생생한 마늘의 알싸함과 아삭함이 후라이드의 바삭함을 만나 리얼 마늘치킨으로 탄생.',DEFAULT,'Y');
INSERT INTO MENU (MENU_NO, MENU_NAME, MENU_PRICE, MENU_CATEGORY, BRAND_NO, MENU_DESC, MENU_VIEW, STATUS) VALUES (SEQ_MENO.NEXTVAL,'달콤라떼 치킨',19000.0,'치킨',8,'바삭한 후라이드에 전문 바리스타가 만든 커피와 간장베이스 조합으로 단짠 케미 듬뿍. 커피맛 크런키 토핑으로 더 깊은 풍미.',DEFAULT,'Y');
INSERT INTO MENU (MENU_NO, MENU_NAME, MENU_PRICE, MENU_CATEGORY, BRAND_NO, MENU_DESC, MENU_VIEW, STATUS) VALUES (SEQ_MENO.NEXTVAL,'모두의마요치킨',19000.0,'치킨',8,'갈릭 X 마요 조합. 신선한 갈릭찹찹소스로 찍먹, 부먹.',DEFAULT,'Y');
INSERT INTO MENU (MENU_NO, MENU_NAME, MENU_PRICE, MENU_CATEGORY, BRAND_NO, MENU_DESC, MENU_VIEW, STATUS) VALUES (SEQ_MENO.NEXTVAL,'까르보불닭치킨',18000.0,'치킨',8,'불닭소스와 크림소스로 매콤함과 부드러움이 공존한 맛.',DEFAULT,'Y');
INSERT INTO MENU (MENU_NO, MENU_NAME, MENU_PRICE, MENU_CATEGORY, BRAND_NO, MENU_DESC, MENU_VIEW, STATUS) VALUES (SEQ_MENO.NEXTVAL,'땡초치킨',18000.0,'치킨',8,'3가지 고춧가루로 매운맛을 낸 치킨을 팬에 볶아 자연스러운 불맛까지 더한.',DEFAULT,'Y');
INSERT INTO MENU (MENU_NO, MENU_NAME, MENU_PRICE, MENU_CATEGORY, BRAND_NO, MENU_DESC, MENU_VIEW, STATUS) VALUES (SEQ_MENO.NEXTVAL,'청양한고추마요',17000.0,'치킨',9,'매콤한 화이트 마요소스에 청양고추까지 곁들여진 치킨',DEFAULT,'Y');
INSERT INTO MENU (MENU_NO, MENU_NAME, MENU_PRICE, MENU_CATEGORY, BRAND_NO, MENU_DESC, MENU_VIEW, STATUS) VALUES (SEQ_MENO.NEXTVAL,'뿌라이드치킨',16000.0,'치킨',9,'일반 치킨보다 더욱 바삭바삭하게! 더블크리스피 후라이드 치킨에 시즈닝을 듬뿍 뿌려서 먹어요!',DEFAULT,'Y');
INSERT INTO MENU (MENU_NO, MENU_NAME, MENU_PRICE, MENU_CATEGORY, BRAND_NO, MENU_DESC, MENU_VIEW, STATUS) VALUES (SEQ_MENO.NEXTVAL,'불짬뽕치킨',16000.0,'치킨',9,'매콤함이 담긴 불향과 달콤함이 담긴 중화풍소스의 조합, 입맛을 조금 더 자극시키는 치킨!',DEFAULT,'Y');
INSERT INTO MENU (MENU_NO, MENU_NAME, MENU_PRICE, MENU_CATEGORY, BRAND_NO, MENU_DESC, MENU_VIEW, STATUS) VALUES (SEQ_MENO.NEXTVAL,'스윗츠갈릭치킨',16000.0,'치킨',9,'달콤함이 담긴 특제소스에 마늘이 곁들여진 치킨, 부드러운 간장베이스라 더더욱 맛있다.',DEFAULT,'Y');


----------------규태---------------------------
------- 회원 정보 테이블 -------
-----------------------------
CREATE TABLE MEMBER(
    MEMBER_NO NUMBER PRIMARY KEY,
    MEMBER_ID VARCHAR2(12) NOT NULL UNIQUE,
    MEMBER_PWD VARCHAR2(15) NOT NULL,
    MEMBER_NICKNAME VARCHAR2(30) NOT NULL UNIQUE,
    MEMBER_NAME VARCHAR2(15) NOT NULL,
    EMAIL VARCHAR2(30) NOT NULL,
    PHONE VARCHAR2(11) NOT NULL,
    BIRTH VARCHAR2(10),
    GENDER CHAR(3) CHECK(GENDER IN ('남', '여')),
    ADDRESS1 VARCHAR2(50),
    ADDRESS2 VARCHAR2(100),
    BLACKLIST CHAR(1) DEFAULT 'N',
    MEMBER_POINT NUMBER DEFAULT 0,
    STATUS CHAR(1) DEFAULT 'Y'
);
COMMENT ON COLUMN MEMBER.MEMBER_NO IS '회원번호';
COMMENT ON COLUMN MEMBER.MEMBER_ID IS '회원아이디';
COMMENT ON COLUMN MEMBER.MEMBER_PWD IS '회원비밀번호';
COMMENT ON COLUMN MEMBER.MEMBER_NICKNAME IS '회원닉네임';
COMMENT ON COLUMN MEMBER.MEMBER_NAME IS '회원이름';
COMMENT ON COLUMN MEMBER.EMAIL IS '이메일';
COMMENT ON COLUMN MEMBER.PHONE IS '전화번호';
COMMENT ON COLUMN MEMBER.BIRTH IS '생년월일';
COMMENT ON COLUMN MEMBER.GENDER IS '성별';
COMMENT ON COLUMN MEMBER.ADDRESS1 IS '도로명주소';
COMMENT ON COLUMN MEMBER.ADDRESS2 IS '상세주소';
COMMENT ON COLUMN MEMBER.BLACKLIST IS '블랙리스트여부';
COMMENT ON COLUMN MEMBER.MEMBER_POINT IS '회원포인트';
COMMENT ON COLUMN MEMBER.STATUS IS '탈퇴여부';
-- 회원 더미데이터

INSERT INTO MEMBER (MEMBER_NO, MEMBER_ID, MEMBER_PWD, MEMBER_NICKNAME, MEMBER_NAME, EMAIL, PHONE, BIRTH, GENDER, ADDRESS1, ADDRESS2, BLACKLIST, MEMBER_POINT, STATUS) VALUES (SEQ_MNO.NEXTVAL,'admin','admin11!','관리자','관리자','daknawa@gmail.com','01012345678',NULL,NULL,NULL,NULL,'N',100,'Y');
INSERT INTO MEMBER (MEMBER_NO, MEMBER_ID, MEMBER_PWD, MEMBER_NICKNAME, MEMBER_NAME, EMAIL, PHONE, BIRTH, GENDER, ADDRESS1, ADDRESS2, BLACKLIST, MEMBER_POINT, STATUS) VALUES (SEQ_MNO.NEXTVAL,'user00','password00!','다들수고하셨습니다','양동연','ydy@gmail.com','01011111111','1998-04-08','남','강원 원주시 시청로 1','1층 로비','N',46,'Y');
INSERT INTO MEMBER (MEMBER_NO, MEMBER_ID, MEMBER_PWD, MEMBER_NICKNAME, MEMBER_NAME, EMAIL, PHONE, BIRTH, GENDER, ADDRESS1, ADDRESS2, BLACKLIST, MEMBER_POINT, STATUS) VALUES (SEQ_MNO.NEXTVAL,'user01','password01!','치킨좀먹어본놈','홍길동','honggd@gmail.com','01011112222',NULL,'남','서울 영등포구 선유동2로 57','19층 D강의장','N',36,'Y');
INSERT INTO MEMBER (MEMBER_NO, MEMBER_ID, MEMBER_PWD, MEMBER_NICKNAME, MEMBER_NAME, EMAIL, PHONE, BIRTH, GENDER, ADDRESS1, ADDRESS2, BLACKLIST, MEMBER_POINT, STATUS) VALUES (SEQ_MNO.NEXTVAL,'user02','password02!','치킨쿤','차보해','chickenkun@gmail.com','01077779999','1998-04-08','남','강원 원주시 시청로 1',NULL,'N',73,'Y');
INSERT INTO MEMBER (MEMBER_NO, MEMBER_ID, MEMBER_PWD, MEMBER_NICKNAME, MEMBER_NAME, EMAIL, PHONE, BIRTH, GENDER, ADDRESS1, ADDRESS2, BLACKLIST, MEMBER_POINT, STATUS) VALUES (SEQ_MNO.NEXTVAL,'user03','password03!','치킨마스터','김이박','ckmaster@gmail.com','01033322244','1996-02-23','남','경기 부천시 송내대로 239','1층 대합실','N',8,'Y');
INSERT INTO MEMBER (MEMBER_NO, MEMBER_ID, MEMBER_PWD, MEMBER_NICKNAME, MEMBER_NAME, EMAIL, PHONE, BIRTH, GENDER, ADDRESS1, ADDRESS2, BLACKLIST, MEMBER_POINT, STATUS) VALUES (SEQ_MNO.NEXTVAL,'user04','password04!','자유로운영혼','이수','user04@naver.com','01034572354','1995-12-03','남','대전 중구 대종로480번길 15','성심당','N',81,'Y');
INSERT INTO MEMBER (MEMBER_NO, MEMBER_ID, MEMBER_PWD, MEMBER_NICKNAME, MEMBER_NAME, EMAIL, PHONE, BIRTH, GENDER, ADDRESS1, ADDRESS2, BLACKLIST, MEMBER_POINT, STATUS) VALUES (SEQ_MNO.NEXTVAL,'user05','password05!','유저공오','탁혜선','user05@naver.com','01064316135','2000-01-30','남',NULL,NULL,'N',17,'Y');
INSERT INTO MEMBER (MEMBER_NO, MEMBER_ID, MEMBER_PWD, MEMBER_NICKNAME, MEMBER_NAME, EMAIL, PHONE, BIRTH, GENDER, ADDRESS1, ADDRESS2, BLACKLIST, MEMBER_POINT, STATUS) VALUES (SEQ_MNO.NEXTVAL,'user06','password06!','에이스','추태영','user06@gmail.com','01032978533','1990-11-21','여','서울 영등포구 선유동2로 57','19층 D강의장','N',2,'Y');
INSERT INTO MEMBER (MEMBER_NO, MEMBER_ID, MEMBER_PWD, MEMBER_NICKNAME, MEMBER_NAME, EMAIL, PHONE, BIRTH, GENDER, ADDRESS1, ADDRESS2, BLACKLIST, MEMBER_POINT, STATUS) VALUES (SEQ_MNO.NEXTVAL,'user07','password07!','아이폰13프로','봉경윤','user07@gmail.com','01095623953','1989-12-11','여','서울 영등포구 선유동2로 57','19층 D강의장','N',12,'Y');
INSERT INTO MEMBER (MEMBER_NO, MEMBER_ID, MEMBER_PWD, MEMBER_NICKNAME, MEMBER_NAME, EMAIL, PHONE, BIRTH, GENDER, ADDRESS1, ADDRESS2, BLACKLIST, MEMBER_POINT, STATUS) VALUES (SEQ_MNO.NEXTVAL,'user08','password08!','kh정보교육원','장신혜','user08@naver.com','01089562895','1991-04-10','남','서울 영등포구 선유동2로 57',NULL,'N',90,'Y');
INSERT INTO MEMBER (MEMBER_NO, MEMBER_ID, MEMBER_PWD, MEMBER_NICKNAME, MEMBER_NAME, EMAIL, PHONE, BIRTH, GENDER, ADDRESS1, ADDRESS2, BLACKLIST, MEMBER_POINT, STATUS) VALUES (SEQ_MNO.NEXTVAL,'user09','password09!','앞만보고달려','최영진','user09@gmail.com','01089245625','1994-01-31',NULL,'서울 영등포구 선유동2로 57','19층 D강의장','N',49,'Y');
INSERT INTO MEMBER (MEMBER_NO, MEMBER_ID, MEMBER_PWD, MEMBER_NICKNAME, MEMBER_NAME, EMAIL, PHONE, BIRTH, GENDER, ADDRESS1, ADDRESS2, BLACKLIST, MEMBER_POINT, STATUS) VALUES (SEQ_MNO.NEXTVAL,'user10','password10!','어쩌라는거지','류석호','user10@naver.com','01038569523','1998-08-14','여','서울 영등포구 선유동2로 57','19층 A강의장','N',62,'Y');
INSERT INTO MEMBER (MEMBER_NO, MEMBER_ID, MEMBER_PWD, MEMBER_NICKNAME, MEMBER_NAME, EMAIL, PHONE, BIRTH, GENDER, ADDRESS1, ADDRESS2, BLACKLIST, MEMBER_POINT, STATUS) VALUES (SEQ_MNO.NEXTVAL,'user11','password11!','379586035','배해준','user11@naver.com','01095629504',NULL,'여','서울 영등포구 선유동2로 57','19층 D강의장','N',59,'Y');
INSERT INTO MEMBER (MEMBER_NO, MEMBER_ID, MEMBER_PWD, MEMBER_NICKNAME, MEMBER_NAME, EMAIL, PHONE, BIRTH, GENDER, ADDRESS1, ADDRESS2, BLACKLIST, MEMBER_POINT, STATUS) VALUES (SEQ_MNO.NEXTVAL,'user12','password12!','helloworld','최태수','user12@naver.com','01024600624',NULL,'남',NULL,NULL,'N',71,'Y');
INSERT INTO MEMBER (MEMBER_NO, MEMBER_ID, MEMBER_PWD, MEMBER_NICKNAME, MEMBER_NAME, EMAIL, PHONE, BIRTH, GENDER, ADDRESS1, ADDRESS2, BLACKLIST, MEMBER_POINT, STATUS) VALUES (SEQ_MNO.NEXTVAL,'user13','password13!','코리아넘버원','전명원','user13@gmail.com','01038956235','1999-04-25','남','서울 영등포구 선유동2로 57','19층 D강의장','Y',95,'Y');
INSERT INTO MEMBER (MEMBER_NO, MEMBER_ID, MEMBER_PWD, MEMBER_NICKNAME, MEMBER_NAME, EMAIL, PHONE, BIRTH, GENDER, ADDRESS1, ADDRESS2, BLACKLIST, MEMBER_POINT, STATUS) VALUES (SEQ_MNO.NEXTVAL,'user14','password14!','이게맞지','임인욱','user14@gmail.com','01049856285','1999-04-26','여','서울 영등포구 선유동2로 57','19층 C강의장','N',63,'N');
INSERT INTO MEMBER (MEMBER_NO, MEMBER_ID, MEMBER_PWD, MEMBER_NICKNAME, MEMBER_NAME, EMAIL, PHONE, BIRTH, GENDER, ADDRESS1, ADDRESS2, BLACKLIST, MEMBER_POINT, STATUS) VALUES (SEQ_MNO.NEXTVAL,'user15','password15!','치킨은틀린적이없지','정경환','user15@gmail.com','01028376542','1999-04-27',NULL,'서울 영등포구 선유동2로 57','19층 D강의장','N',33,'Y');
INSERT INTO MEMBER (MEMBER_NO, MEMBER_ID, MEMBER_PWD, MEMBER_NICKNAME, MEMBER_NAME, EMAIL, PHONE, BIRTH, GENDER, ADDRESS1, ADDRESS2, BLACKLIST, MEMBER_POINT, STATUS) VALUES (SEQ_MNO.NEXTVAL,'user16','password16!','치킨처돌이','조기호','user16@gmail.com','01010623755','1999-04-28','남','서울 영등포구 선유동2로 57','19층 D강의장','N',55,'Y');
INSERT INTO MEMBER (MEMBER_NO, MEMBER_ID, MEMBER_PWD, MEMBER_NICKNAME, MEMBER_NAME, EMAIL, PHONE, BIRTH, GENDER, ADDRESS1, ADDRESS2, BLACKLIST, MEMBER_POINT, STATUS) VALUES (SEQ_MNO.NEXTVAL,'user17','password17!','어쩌다보니여기','신태민','user17@gmail.com','01028935076','1999-04-29','남','서울 영등포구 선유동2로 57','19층 D강의장','N',17,'Y');
INSERT INTO MEMBER (MEMBER_NO, MEMBER_ID, MEMBER_PWD, MEMBER_NICKNAME, MEMBER_NAME, EMAIL, PHONE, BIRTH, GENDER, ADDRESS1, ADDRESS2, BLACKLIST, MEMBER_POINT, STATUS) VALUES (SEQ_MNO.NEXTVAL,'user18','password18!','노래나듣자','권성수','user18@gmail.com','01092562598','1999-04-30','여','서울 영등포구 선유동2로 57','19층 B강의장','N',44,'Y');
INSERT INTO MEMBER (MEMBER_NO, MEMBER_ID, MEMBER_PWD, MEMBER_NICKNAME, MEMBER_NAME, EMAIL, PHONE, BIRTH, GENDER, ADDRESS1, ADDRESS2, BLACKLIST, MEMBER_POINT, STATUS) VALUES (SEQ_MNO.NEXTVAL,'user19','password19!','안되나요','강동훈','user19@gmail.com','01028964523',NULL,'여',NULL,NULL,'N',10,'Y');
INSERT INTO MEMBER (MEMBER_NO, MEMBER_ID, MEMBER_PWD, MEMBER_NICKNAME, MEMBER_NAME, EMAIL, PHONE, BIRTH, GENDER, ADDRESS1, ADDRESS2, BLACKLIST, MEMBER_POINT, STATUS) VALUES (SEQ_MNO.NEXTVAL,'user20','password20!','더는못해요','배예진','user20@gmail.com','01096523563','1995-02-21',NULL,'강원 원주시 시청로 1','1층 로비','N',30,'Y');
INSERT INTO MEMBER (MEMBER_NO, MEMBER_ID, MEMBER_PWD, MEMBER_NICKNAME, MEMBER_NAME, EMAIL, PHONE, BIRTH, GENDER, ADDRESS1, ADDRESS2, BLACKLIST, MEMBER_POINT, STATUS) VALUES (SEQ_MNO.NEXTVAL,'user21','password21!','그대없이사는일','백승현','user21@gmail.com','01083596232','1995-02-22','남','강원 원주시 시청로 1','1층 로비','N',60,'Y');
INSERT INTO MEMBER (MEMBER_NO, MEMBER_ID, MEMBER_PWD, MEMBER_NICKNAME, MEMBER_NAME, EMAIL, PHONE, BIRTH, GENDER, ADDRESS1, ADDRESS2, BLACKLIST, MEMBER_POINT, STATUS) VALUES (SEQ_MNO.NEXTVAL,'user22','password22!','나때문에','류미르','user22@gmail.com','01093654325','1995-02-23','여','강원 원주시 시청로 1',NULL,'N',14,'Y');
INSERT INTO MEMBER (MEMBER_NO, MEMBER_ID, MEMBER_PWD, MEMBER_NICKNAME, MEMBER_NAME, EMAIL, PHONE, BIRTH, GENDER, ADDRESS1, ADDRESS2, BLACKLIST, MEMBER_POINT, STATUS) VALUES (SEQ_MNO.NEXTVAL,'user23','password23!','그대망가진다며','안재철','user23@gmail.com','01039658325','1995-02-24','여','강원 원주시 시청로 1','1층 로비','N',93,'Y');
INSERT INTO MEMBER (MEMBER_NO, MEMBER_ID, MEMBER_PWD, MEMBER_NICKNAME, MEMBER_NAME, EMAIL, PHONE, BIRTH, GENDER, ADDRESS1, ADDRESS2, BLACKLIST, MEMBER_POINT, STATUS) VALUES (SEQ_MNO.NEXTVAL,'user24','password24!','이별을원한건','안빛가람','user24@gmail.com','01045786295',NULL,'남','강원 원주시 시청로 1','1층 로비','N',87,'Y');
INSERT INTO MEMBER (MEMBER_NO, MEMBER_ID, MEMBER_PWD, MEMBER_NICKNAME, MEMBER_NAME, EMAIL, PHONE, BIRTH, GENDER, ADDRESS1, ADDRESS2, BLACKLIST, MEMBER_POINT, STATUS) VALUES (SEQ_MNO.NEXTVAL,'user25','password25!','나인데','강소라','user25@gmail.com','01039804736','1995-02-26','남','강원 원주시 시청로 1','1층 로비','N',8,'Y');
INSERT INTO MEMBER (MEMBER_NO, MEMBER_ID, MEMBER_PWD, MEMBER_NICKNAME, MEMBER_NAME, EMAIL, PHONE, BIRTH, GENDER, ADDRESS1, ADDRESS2, BLACKLIST, MEMBER_POINT, STATUS) VALUES (SEQ_MNO.NEXTVAL,'user26','password26!','매일','임혁','user26@gmail.com','01020935660','1995-02-27','여','강원 원주시 시청로 1','1층 로비','N',77,'Y');
INSERT INTO MEMBER (MEMBER_NO, MEMBER_ID, MEMBER_PWD, MEMBER_NICKNAME, MEMBER_NAME, EMAIL, PHONE, BIRTH, GENDER, ADDRESS1, ADDRESS2, BLACKLIST, MEMBER_POINT, STATUS) VALUES (SEQ_MNO.NEXTVAL,'user27','password27!','가슴이갈라져요','박현','user27@naver.com','01057350357','1995-02-28',NULL,NULL,NULL,'N',98,'Y');
INSERT INTO MEMBER (MEMBER_NO, MEMBER_ID, MEMBER_PWD, MEMBER_NICKNAME, MEMBER_NAME, EMAIL, PHONE, BIRTH, GENDER, ADDRESS1, ADDRESS2, BLACKLIST, MEMBER_POINT, STATUS) VALUES (SEQ_MNO.NEXTVAL,'user28','password28!','숨이다끊어질만큼','유성','user28@naver.com','01097636487','1995-03-01','남',NULL,NULL,'N',8,'Y');
INSERT INTO MEMBER (MEMBER_NO, MEMBER_ID, MEMBER_PWD, MEMBER_NICKNAME, MEMBER_NAME, EMAIL, PHONE, BIRTH, GENDER, ADDRESS1, ADDRESS2, BLACKLIST, MEMBER_POINT, STATUS) VALUES (SEQ_MNO.NEXTVAL,'user29','password29!','울어요','박기영','user29@naver.com','01026438358',NULL,'남',NULL,NULL,'N',22,'Y');
INSERT INTO MEMBER (MEMBER_NO, MEMBER_ID, MEMBER_PWD, MEMBER_NICKNAME, MEMBER_NAME, EMAIL, PHONE, BIRTH, GENDER, ADDRESS1, ADDRESS2, BLACKLIST, MEMBER_POINT, STATUS) VALUES (SEQ_MNO.NEXTVAL,'user30','password30!','수천번잊었다','조유진','user30@naver.com','01025682459',NULL,'여',NULL,NULL,'N',78,'Y');
INSERT INTO MEMBER (MEMBER_NO, MEMBER_ID, MEMBER_PWD, MEMBER_NICKNAME, MEMBER_NAME, EMAIL, PHONE, BIRTH, GENDER, ADDRESS1, ADDRESS2, BLACKLIST, MEMBER_POINT, STATUS) VALUES (SEQ_MNO.NEXTVAL,'user31','password31!','외쳐봐도','정으뜸','user31@naver.com','01080864243','1997-09-06',NULL,'경기 부천시 송내대로 239','1층 대합실','N',47,'Y');
INSERT INTO MEMBER (MEMBER_NO, MEMBER_ID, MEMBER_PWD, MEMBER_NICKNAME, MEMBER_NAME, EMAIL, PHONE, BIRTH, GENDER, ADDRESS1, ADDRESS2, BLACKLIST, MEMBER_POINT, STATUS) VALUES (SEQ_MNO.NEXTVAL,'user32','password32!','내삶은','한시훈','user32@naver.com','01053899502','1997-09-07','남','경기 부천시 송내대로 239','2층 대합실','N',11,'Y');
INSERT INTO MEMBER (MEMBER_NO, MEMBER_ID, MEMBER_PWD, MEMBER_NICKNAME, MEMBER_NAME, EMAIL, PHONE, BIRTH, GENDER, ADDRESS1, ADDRESS2, BLACKLIST, MEMBER_POINT, STATUS) VALUES (SEQ_MNO.NEXTVAL,'user33','password33!','어느새','남궁혁','user33@naver.com','01024896795','1997-09-08','남','경기 부천시 송내대로 239','3층 대합실','N',58,'Y');
INSERT INTO MEMBER (MEMBER_NO, MEMBER_ID, MEMBER_PWD, MEMBER_NICKNAME, MEMBER_NAME, EMAIL, PHONE, BIRTH, GENDER, ADDRESS1, ADDRESS2, BLACKLIST, MEMBER_POINT, STATUS) VALUES (SEQ_MNO.NEXTVAL,'user34','password34!','벼랑끝에','유은','user34@naver.com','01024687946','1997-09-09','여','경기 부천시 송내대로 239','1층 대합실','N',94,'Y');
INSERT INTO MEMBER (MEMBER_NO, MEMBER_ID, MEMBER_PWD, MEMBER_NICKNAME, MEMBER_NAME, EMAIL, PHONE, BIRTH, GENDER, ADDRESS1, ADDRESS2, BLACKLIST, MEMBER_POINT, STATUS) VALUES (SEQ_MNO.NEXTVAL,'user35','password35!','서있네요','강혁','user35@naver.com','01056536264',NULL,NULL,'경기 부천시 송내대로 239',NULL,'N',71,'Y');
INSERT INTO MEMBER (MEMBER_NO, MEMBER_ID, MEMBER_PWD, MEMBER_NICKNAME, MEMBER_NAME, EMAIL, PHONE, BIRTH, GENDER, ADDRESS1, ADDRESS2, BLACKLIST, MEMBER_POINT, STATUS) VALUES (SEQ_MNO.NEXTVAL,'user36','password36!','MyLove','송현승','user36@naver.com','01068023703',NULL,'남','경기 부천시 송내대로 239','6층 휴게실','Y',4,'Y');
INSERT INTO MEMBER (MEMBER_NO, MEMBER_ID, MEMBER_PWD, MEMBER_NICKNAME, MEMBER_NAME, EMAIL, PHONE, BIRTH, GENDER, ADDRESS1, ADDRESS2, BLACKLIST, MEMBER_POINT, STATUS) VALUES (SEQ_MNO.NEXTVAL,'user37','password37!','다시사랑해요','류요한','user37@nate.com','01042367548',NULL,NULL,'경기 부천시 송내대로 239','7층 영화관','N',74,'Y');
INSERT INTO MEMBER (MEMBER_NO, MEMBER_ID, MEMBER_PWD, MEMBER_NICKNAME, MEMBER_NAME, EMAIL, PHONE, BIRTH, GENDER, ADDRESS1, ADDRESS2, BLACKLIST, MEMBER_POINT, STATUS) VALUES (SEQ_MNO.NEXTVAL,'user38','password38!','세상반대쪽끝에','손기우','user38@nate.com','01023678942','1996-09-28','여','경기 부천시 송내대로 239','7층 식당','N',93,'Y');
INSERT INTO MEMBER (MEMBER_NO, MEMBER_ID, MEMBER_PWD, MEMBER_NICKNAME, MEMBER_NAME, EMAIL, PHONE, BIRTH, GENDER, ADDRESS1, ADDRESS2, BLACKLIST, MEMBER_POINT, STATUS) VALUES (SEQ_MNO.NEXTVAL,'user39','password39!','살아도찾을게요','이창호','user39@nate.com','01023478264','1996-09-29','여','경기 부천시 송내대로 239',NULL,'N',85,'N');
INSERT INTO MEMBER (MEMBER_NO, MEMBER_ID, MEMBER_PWD, MEMBER_NICKNAME, MEMBER_NAME, EMAIL, PHONE, BIRTH, GENDER, ADDRESS1, ADDRESS2, BLACKLIST, MEMBER_POINT, STATUS) VALUES (SEQ_MNO.NEXTVAL,'user40','password40!','다시그댈','신동건','user40@nate.com','01017896984','1996-09-30','남',NULL,NULL,'N',98,'Y');
INSERT INTO MEMBER (MEMBER_NO, MEMBER_ID, MEMBER_PWD, MEMBER_NICKNAME, MEMBER_NAME, EMAIL, PHONE, BIRTH, GENDER, ADDRESS1, ADDRESS2, BLACKLIST, MEMBER_POINT, STATUS) VALUES (SEQ_MNO.NEXTVAL,'user41','password41!','놓지않아요','정하선','user41@nate.com','01023475482','1996-10-01','남','경기 성남시 분당구 판교역로 166','1층 로비','N',90,'Y');
INSERT INTO MEMBER (MEMBER_NO, MEMBER_ID, MEMBER_PWD, MEMBER_NICKNAME, MEMBER_NAME, EMAIL, PHONE, BIRTH, GENDER, ADDRESS1, ADDRESS2, BLACKLIST, MEMBER_POINT, STATUS) VALUES (SEQ_MNO.NEXTVAL,'user42','password42!','멈춘내심장을','백성훈','user42@nate.com','01077225782','1996-10-02',NULL,'경기 성남시 분당구 판교역로 166','1층 로비','N',60,'Y');
INSERT INTO MEMBER (MEMBER_NO, MEMBER_ID, MEMBER_PWD, MEMBER_NICKNAME, MEMBER_NAME, EMAIL, PHONE, BIRTH, GENDER, ADDRESS1, ADDRESS2, BLACKLIST, MEMBER_POINT, STATUS) VALUES (SEQ_MNO.NEXTVAL,'user43','password43!','뛰게할사람','권다현','user43@nate.com','01028928574','1996-10-03','여','경기 성남시 분당구 판교역로 166','1층 로비','N',81,'Y');
INSERT INTO MEMBER (MEMBER_NO, MEMBER_ID, MEMBER_PWD, MEMBER_NICKNAME, MEMBER_NAME, EMAIL, PHONE, BIRTH, GENDER, ADDRESS1, ADDRESS2, BLACKLIST, MEMBER_POINT, STATUS) VALUES (SEQ_MNO.NEXTVAL,'user44','password44!','우리헤어지길잘했죠','정현승','user44@nate.com','01054768953','1996-10-04',NULL,'경기 성남시 분당구 판교역로 166',NULL,'N',4,'Y');
INSERT INTO MEMBER (MEMBER_NO, MEMBER_ID, MEMBER_PWD, MEMBER_NICKNAME, MEMBER_NAME, EMAIL, PHONE, BIRTH, GENDER, ADDRESS1, ADDRESS2, BLACKLIST, MEMBER_POINT, STATUS) VALUES (SEQ_MNO.NEXTVAL,'user45','password45!','얼마나','이주연','user45@daum.net','01069833345',NULL,NULL,NULL,NULL,'N',25,'Y');
INSERT INTO MEMBER (MEMBER_NO, MEMBER_ID, MEMBER_PWD, MEMBER_NICKNAME, MEMBER_NAME, EMAIL, PHONE, BIRTH, GENDER, ADDRESS1, ADDRESS2, BLACKLIST, MEMBER_POINT, STATUS) VALUES (SEQ_MNO.NEXTVAL,'user46','password46!','슬픈일인지알았죠','한호','user46@daum.net','01037279533',NULL,'여','경기 성남시 분당구 판교역로 166','10층','N',51,'Y');
INSERT INTO MEMBER (MEMBER_NO, MEMBER_ID, MEMBER_PWD, MEMBER_NICKNAME, MEMBER_NAME, EMAIL, PHONE, BIRTH, GENDER, ADDRESS1, ADDRESS2, BLACKLIST, MEMBER_POINT, STATUS) VALUES (SEQ_MNO.NEXTVAL,'user47','password47!','하늘은','황힘찬','user47@daum.net','01045892357',NULL,'여','경기 성남시 분당구 판교역로 166',NULL,'N',96,'Y');
INSERT INTO MEMBER (MEMBER_NO, MEMBER_ID, MEMBER_PWD, MEMBER_NICKNAME, MEMBER_NAME, EMAIL, PHONE, BIRTH, GENDER, ADDRESS1, ADDRESS2, BLACKLIST, MEMBER_POINT, STATUS) VALUES (SEQ_MNO.NEXTVAL,'user48','password48!','모자란내사랑을','박봄','user48@daum.net','01015846464','1992-01-11','남','경기 성남시 분당구 판교역로 166',NULL,'N',71,'Y');
INSERT INTO MEMBER (MEMBER_NO, MEMBER_ID, MEMBER_PWD, MEMBER_NICKNAME, MEMBER_NAME, EMAIL, PHONE, BIRTH, GENDER, ADDRESS1, ADDRESS2, BLACKLIST, MEMBER_POINT, STATUS) VALUES (SEQ_MNO.NEXTVAL,'user49','password49!','눈뜨게하려고','양의지','user49@daum.net','01028668521','1992-01-12','남','경기 성남시 분당구 판교역로 166','15층','Y',26,'Y');
INSERT INTO MEMBER (MEMBER_NO, MEMBER_ID, MEMBER_PWD, MEMBER_NICKNAME, MEMBER_NAME, EMAIL, PHONE, BIRTH, GENDER, ADDRESS1, ADDRESS2, BLACKLIST, MEMBER_POINT, STATUS) VALUES (SEQ_MNO.NEXTVAL,'user50','password50!','잠시갈라논거였죠','안재인','user50@daum.net','01068265464','1992-01-13',NULL,'경기 성남시 분당구 판교역로 166','20층','N',18,'Y');
INSERT INTO MEMBER (MEMBER_NO, MEMBER_ID, MEMBER_PWD, MEMBER_NICKNAME, MEMBER_NAME, EMAIL, PHONE, BIRTH, GENDER, ADDRESS1, ADDRESS2, BLACKLIST, MEMBER_POINT, STATUS) VALUES (SEQ_MNO.NEXTVAL,'qwer01','password01!','MyLove다시','김재호','qwer01@gmail.com','01038980786','1992-01-14','여','경기 성남시 분당구 판교역로 166',NULL,'N',10,'Y');
INSERT INTO MEMBER (MEMBER_NO, MEMBER_ID, MEMBER_PWD, MEMBER_NICKNAME, MEMBER_NAME, EMAIL, PHONE, BIRTH, GENDER, ADDRESS1, ADDRESS2, BLACKLIST, MEMBER_POINT, STATUS) VALUES (SEQ_MNO.NEXTVAL,'qwer02','password02!','사랑해요','백마리','qwer02@gmail.com','01056437836','1992-01-15',NULL,NULL,NULL,'N',81,'Y');
INSERT INTO MEMBER (MEMBER_NO, MEMBER_ID, MEMBER_PWD, MEMBER_NICKNAME, MEMBER_NAME, EMAIL, PHONE, BIRTH, GENDER, ADDRESS1, ADDRESS2, BLACKLIST, MEMBER_POINT, STATUS) VALUES (SEQ_MNO.NEXTVAL,'qwer03','password03!','세상반대쪽','박지혜','qwer03@gmail.com','01052458686','1992-01-16','남',NULL,NULL,'N',74,'Y');
INSERT INTO MEMBER (MEMBER_NO, MEMBER_ID, MEMBER_PWD, MEMBER_NICKNAME, MEMBER_NAME, EMAIL, PHONE, BIRTH, GENDER, ADDRESS1, ADDRESS2, BLACKLIST, MEMBER_POINT, STATUS) VALUES (SEQ_MNO.NEXTVAL,'qwer04','password04!','끝에살아도','오병민','qwer04@gmail.com','01099567845','1992-01-17','여','제주특별자치도 제주시 공항서로 13','1번째 집','N',38,'Y');
INSERT INTO MEMBER (MEMBER_NO, MEMBER_ID, MEMBER_PWD, MEMBER_NICKNAME, MEMBER_NAME, EMAIL, PHONE, BIRTH, GENDER, ADDRESS1, ADDRESS2, BLACKLIST, MEMBER_POINT, STATUS) VALUES (SEQ_MNO.NEXTVAL,'qwer05','password05!','찾을게요','남궁민수','qwer05@gmail.com','01025478643','1992-01-18','여','제주특별자치도 제주시 공항서로 13','2번째 집','N',1,'Y');
INSERT INTO MEMBER (MEMBER_NO, MEMBER_ID, MEMBER_PWD, MEMBER_NICKNAME, MEMBER_NAME, EMAIL, PHONE, BIRTH, GENDER, ADDRESS1, ADDRESS2, BLACKLIST, MEMBER_POINT, STATUS) VALUES (SEQ_MNO.NEXTVAL,'qwer06','password06!','다시그댈놓지않아요','천지훈','qwer06@naver.com','01025472436',NULL,NULL,'제주특별자치도 제주시 공항서로 13','3번째 집','N',91,'Y');
INSERT INTO MEMBER (MEMBER_NO, MEMBER_ID, MEMBER_PWD, MEMBER_NICKNAME, MEMBER_NAME, EMAIL, PHONE, BIRTH, GENDER, ADDRESS1, ADDRESS2, BLACKLIST, MEMBER_POINT, STATUS) VALUES (SEQ_MNO.NEXTVAL,'qwer07','password07!','멈춘내','김희철','qwer07@naver.com','01042586264',NULL,'남',NULL,NULL,'N',23,'Y');
INSERT INTO MEMBER (MEMBER_NO, MEMBER_ID, MEMBER_PWD, MEMBER_NICKNAME, MEMBER_NAME, EMAIL, PHONE, BIRTH, GENDER, ADDRESS1, ADDRESS2, BLACKLIST, MEMBER_POINT, STATUS) VALUES (SEQ_MNO.NEXTVAL,'qwer08','password08!','심장을뛰게할사람','배민서','qwer08@naver.com','01057353642',NULL,'여','제주특별자치도 제주시 공항서로 13','5번째 집','N',56,'Y');
INSERT INTO MEMBER (MEMBER_NO, MEMBER_ID, MEMBER_PWD, MEMBER_NICKNAME, MEMBER_NAME, EMAIL, PHONE, BIRTH, GENDER, ADDRESS1, ADDRESS2, BLACKLIST, MEMBER_POINT, STATUS) VALUES (SEQ_MNO.NEXTVAL,'qwer09','password09!','나때문에망가진게','이윤빈','qwer09@naver.com','01084265561','1990-11-11','여','제주특별자치도 제주시 공항서로 13',NULL,'N',8,'Y');
INSERT INTO MEMBER (MEMBER_NO, MEMBER_ID, MEMBER_PWD, MEMBER_NICKNAME, MEMBER_NAME, EMAIL, PHONE, BIRTH, GENDER, ADDRESS1, ADDRESS2, BLACKLIST, MEMBER_POINT, STATUS) VALUES (SEQ_MNO.NEXTVAL,'qwer10','password10!','맞네요','한성호','qwer10@naver.com','01068536466','1990-11-12',NULL,'제주특별자치도 제주시 공항서로 13','7번째 집','N',45,'Y');
INSERT INTO MEMBER (MEMBER_NO, MEMBER_ID, MEMBER_PWD, MEMBER_NICKNAME, MEMBER_NAME, EMAIL, PHONE, BIRTH, GENDER, ADDRESS1, ADDRESS2, BLACKLIST, MEMBER_POINT, STATUS) VALUES (SEQ_MNO.NEXTVAL,'qwer11','password11!','내가그대','황민준','qwer11@gmail.com','01013477845','1990-11-13','남',NULL,NULL,'N',52,'Y');
INSERT INTO MEMBER (MEMBER_NO, MEMBER_ID, MEMBER_PWD, MEMBER_NICKNAME, MEMBER_NAME, EMAIL, PHONE, BIRTH, GENDER, ADDRESS1, ADDRESS2, BLACKLIST, MEMBER_POINT, STATUS) VALUES (SEQ_MNO.NEXTVAL,'qwer12','password12!','가슴안에','차무식','qwer12@gmail.com','01097647650','1990-11-14','여','제주특별자치도 제주시 공항서로 13','9번째 집','N',23,'Y');
INSERT INTO MEMBER (MEMBER_NO, MEMBER_ID, MEMBER_PWD, MEMBER_NICKNAME, MEMBER_NAME, EMAIL, PHONE, BIRTH, GENDER, ADDRESS1, ADDRESS2, BLACKLIST, MEMBER_POINT, STATUS) VALUES (SEQ_MNO.NEXTVAL,'qwer13','password13!','못이었네요','홍석기','qwer13@gmail.com','01057866903','1990-11-15',NULL,'제주특별자치도 제주시 공항서로 13','10번째 집','N',93,'Y');
INSERT INTO MEMBER (MEMBER_NO, MEMBER_ID, MEMBER_PWD, MEMBER_NICKNAME, MEMBER_NAME, EMAIL, PHONE, BIRTH, GENDER, ADDRESS1, ADDRESS2, BLACKLIST, MEMBER_POINT, STATUS) VALUES (SEQ_MNO.NEXTVAL,'qwer14','password14!','사랑하고','허경민','qwer14@gmail.com','01057587894','1990-11-16','남','제주특별자치도 제주시 공항서로 13',NULL,'N',79,'Y');
INSERT INTO MEMBER (MEMBER_NO, MEMBER_ID, MEMBER_PWD, MEMBER_NICKNAME, MEMBER_NAME, EMAIL, PHONE, BIRTH, GENDER, ADDRESS1, ADDRESS2, BLACKLIST, MEMBER_POINT, STATUS) VALUES (SEQ_MNO.NEXTVAL,'qwer15','password15!','책임없이','한예지','qwer15@gmail.com','01028524686','1990-11-17','남',NULL,NULL,'N',11,'Y');
INSERT INTO MEMBER (MEMBER_NO, MEMBER_ID, MEMBER_PWD, MEMBER_NICKNAME, MEMBER_NAME, EMAIL, PHONE, BIRTH, GENDER, ADDRESS1, ADDRESS2, BLACKLIST, MEMBER_POINT, STATUS) VALUES (SEQ_MNO.NEXTVAL,'qwer16','password16!','도망친나를','양석환','qwer16@naver.com','01025738765','1990-11-18','여',NULL,NULL,'N',62,'Y');
INSERT INTO MEMBER (MEMBER_NO, MEMBER_ID, MEMBER_PWD, MEMBER_NICKNAME, MEMBER_NAME, EMAIL, PHONE, BIRTH, GENDER, ADDRESS1, ADDRESS2, BLACKLIST, MEMBER_POINT, STATUS) VALUES (SEQ_MNO.NEXTVAL,'qwer17','password17!','성급한이별을','차유미','qwer17@gmail.com','01054378232','1990-11-19','여','서울 금천구 벚꽃로 309','1번 출구','N',1,'Y');
INSERT INTO MEMBER (MEMBER_NO, MEMBER_ID, MEMBER_PWD, MEMBER_NICKNAME, MEMBER_NAME, EMAIL, PHONE, BIRTH, GENDER, ADDRESS1, ADDRESS2, BLACKLIST, MEMBER_POINT, STATUS) VALUES (SEQ_MNO.NEXTVAL,'qwer18','password18!','용서받고싶어요','배연진','qwer18@gmail.com','01099034548','1990-11-20','남','서울 금천구 벚꽃로 309','2번 출구','N',59,'Y');
INSERT INTO MEMBER (MEMBER_NO, MEMBER_ID, MEMBER_PWD, MEMBER_NICKNAME, MEMBER_NAME, EMAIL, PHONE, BIRTH, GENDER, ADDRESS1, ADDRESS2, BLACKLIST, MEMBER_POINT, STATUS) VALUES (SEQ_MNO.NEXTVAL,'qwer19','password19!','MyLove혼자','이강훈','qwer19@naver.com','01058489254','1990-11-21',NULL,'서울 금천구 벚꽃로 309','1번 출구','N',55,'Y');
INSERT INTO MEMBER (MEMBER_NO, MEMBER_ID, MEMBER_PWD, MEMBER_NICKNAME, MEMBER_NAME, EMAIL, PHONE, BIRTH, GENDER, ADDRESS1, ADDRESS2, BLACKLIST, MEMBER_POINT, STATUS) VALUES (SEQ_MNO.NEXTVAL,'qwer20','password20!','있어줘요','박철수','qwer20@nate.com','01079683523',NULL,'여',NULL,NULL,'N',72,'Y');
INSERT INTO MEMBER (MEMBER_NO, MEMBER_ID, MEMBER_PWD, MEMBER_NICKNAME, MEMBER_NAME, EMAIL, PHONE, BIRTH, GENDER, ADDRESS1, ADDRESS2, BLACKLIST, MEMBER_POINT, STATUS) VALUES (SEQ_MNO.NEXTVAL,'qwer21','password21!','그대있는곳으로','허성태','qwer21@daum.net','01064822423','1993-12-19','여','서울 금천구 벚꽃로 309',NULL,'N',63,'Y');
INSERT INTO MEMBER (MEMBER_NO, MEMBER_ID, MEMBER_PWD, MEMBER_NICKNAME, MEMBER_NAME, EMAIL, PHONE, BIRTH, GENDER, ADDRESS1, ADDRESS2, BLACKLIST, MEMBER_POINT, STATUS) VALUES (SEQ_MNO.NEXTVAL,'qwer22','password22!','지금','김미영','qwer22@gmail.com','01036557853','1993-12-20','남','서울 금천구 벚꽃로 309','4번 출구','N',33,'Y');
INSERT INTO MEMBER (MEMBER_NO, MEMBER_ID, MEMBER_PWD, MEMBER_NICKNAME, MEMBER_NAME, EMAIL, PHONE, BIRTH, GENDER, ADDRESS1, ADDRESS2, BLACKLIST, MEMBER_POINT, STATUS) VALUES (SEQ_MNO.NEXTVAL,'qwer23','password23!','달려갈게요','이수지','qwer23@gmail.com','01085795677','1993-12-21','남',NULL,NULL,'N',22,'Y');
INSERT INTO MEMBER (MEMBER_NO, MEMBER_ID, MEMBER_PWD, MEMBER_NICKNAME, MEMBER_NAME, EMAIL, PHONE, BIRTH, GENDER, ADDRESS1, ADDRESS2, BLACKLIST, MEMBER_POINT, STATUS) VALUES (SEQ_MNO.NEXTVAL,'qwer24','password24!','조금만','최주환','qwer24@gmail.com','01014236754','1993-12-22','여',NULL,NULL,'N',50,'Y');
INSERT INTO MEMBER (MEMBER_NO, MEMBER_ID, MEMBER_PWD, MEMBER_NICKNAME, MEMBER_NAME, EMAIL, PHONE, BIRTH, GENDER, ADDRESS1, ADDRESS2, BLACKLIST, MEMBER_POINT, STATUS) VALUES (SEQ_MNO.NEXTVAL,'qwer25','password25!','더기다려줘요','문동은','qwer25@naver.com','01037894432',NULL,'여','서울 금천구 벚꽃로 309',NULL,'N',85,'Y');
INSERT INTO MEMBER (MEMBER_NO, MEMBER_ID, MEMBER_PWD, MEMBER_NICKNAME, MEMBER_NAME, EMAIL, PHONE, BIRTH, GENDER, ADDRESS1, ADDRESS2, BLACKLIST, MEMBER_POINT, STATUS) VALUES (SEQ_MNO.NEXTVAL,'qwer26','password26!','우리다시','민성환','qwer26@naver.com','01092835790','1993-12-24','남','서울 금천구 벚꽃로 309','6번 출구','N',62,'Y');
INSERT INTO MEMBER (MEMBER_NO, MEMBER_ID, MEMBER_PWD, MEMBER_NICKNAME, MEMBER_NAME, EMAIL, PHONE, BIRTH, GENDER, ADDRESS1, ADDRESS2, BLACKLIST, MEMBER_POINT, STATUS) VALUES (SEQ_MNO.NEXTVAL,'qwer27','password27!','사랑해야만해요','신예지','qwer27@naver.com','01098746143','1993-12-25','남',NULL,NULL,'N',29,'N');
INSERT INTO MEMBER (MEMBER_NO, MEMBER_ID, MEMBER_PWD, MEMBER_NICKNAME, MEMBER_NAME, EMAIL, PHONE, BIRTH, GENDER, ADDRESS1, ADDRESS2, BLACKLIST, MEMBER_POINT, STATUS) VALUES (SEQ_MNO.NEXTVAL,'qwer28','password28!','오래전에','신본기','qwer28@naver.com','01068566436','1993-12-26',NULL,'서울 금천구 벚꽃로 309','3번 출구','N',88,'Y');
INSERT INTO MEMBER (MEMBER_NO, MEMBER_ID, MEMBER_PWD, MEMBER_NICKNAME, MEMBER_NAME, EMAIL, PHONE, BIRTH, GENDER, ADDRESS1, ADDRESS2, BLACKLIST, MEMBER_POINT, STATUS) VALUES (SEQ_MNO.NEXTVAL,'qwer29','password29!','함께듣던노래가','김병수','qwer29@naver.com','01076964275','1993-12-27','여','서울 금천구 벚꽃로 309',NULL,'N',58,'Y');
INSERT INTO MEMBER (MEMBER_NO, MEMBER_ID, MEMBER_PWD, MEMBER_NICKNAME, MEMBER_NAME, EMAIL, PHONE, BIRTH, GENDER, ADDRESS1, ADDRESS2, BLACKLIST, MEMBER_POINT, STATUS) VALUES (SEQ_MNO.NEXTVAL,'qwer30','password30!','발걸음을','우지원','qwer30@naver.com','01040368560',NULL,'남',NULL,NULL,'N',76,'Y');
INSERT INTO MEMBER (MEMBER_NO, MEMBER_ID, MEMBER_PWD, MEMBER_NICKNAME, MEMBER_NAME, EMAIL, PHONE, BIRTH, GENDER, ADDRESS1, ADDRESS2, BLACKLIST, MEMBER_POINT, STATUS) VALUES (SEQ_MNO.NEXTVAL,'qwer31','password31!','다시멈춰서게해','신경민','qwer31@naver.com','01034570034','1998-06-20','남','서울 금천구 벚꽃로 309',NULL,'N',39,'Y');
INSERT INTO MEMBER (MEMBER_NO, MEMBER_ID, MEMBER_PWD, MEMBER_NICKNAME, MEMBER_NAME, EMAIL, PHONE, BIRTH, GENDER, ADDRESS1, ADDRESS2, BLACKLIST, MEMBER_POINT, STATUS) VALUES (SEQ_MNO.NEXTVAL,'qwer32','password32!','이거리에서','김성태','qwer32@nate.com','01045286834','1998-06-21','여','서울 금천구 벚꽃로 309',NULL,'N',65,'Y');
INSERT INTO MEMBER (MEMBER_NO, MEMBER_ID, MEMBER_PWD, MEMBER_NICKNAME, MEMBER_NAME, EMAIL, PHONE, BIRTH, GENDER, ADDRESS1, ADDRESS2, BLACKLIST, MEMBER_POINT, STATUS) VALUES (SEQ_MNO.NEXTVAL,'qwer33','password33!','너를느낄수있어','한다영','qwer33@nate.com','01046079645','1998-06-22','여','서울 금천구 벚꽃로 309',NULL,'N',9,'Y');
INSERT INTO MEMBER (MEMBER_NO, MEMBER_ID, MEMBER_PWD, MEMBER_NICKNAME, MEMBER_NAME, EMAIL, PHONE, BIRTH, GENDER, ADDRESS1, ADDRESS2, BLACKLIST, MEMBER_POINT, STATUS) VALUES (SEQ_MNO.NEXTVAL,'qwer34','password34!','널이곳에서꼭다시','하겨울','qwer34@nate.com','01025864599','1998-06-23',NULL,NULL,NULL,'N',63,'Y');
INSERT INTO MEMBER (MEMBER_NO, MEMBER_ID, MEMBER_PWD, MEMBER_NICKNAME, MEMBER_NAME, EMAIL, PHONE, BIRTH, GENDER, ADDRESS1, ADDRESS2, BLACKLIST, MEMBER_POINT, STATUS) VALUES (SEQ_MNO.NEXTVAL,'qwer35','password35!','만날것같아','상남자','qwer35@nate.com','01023753878','1998-06-24','남',NULL,NULL,'N',82,'N');
INSERT INTO MEMBER (MEMBER_NO, MEMBER_ID, MEMBER_PWD, MEMBER_NICKNAME, MEMBER_NAME, EMAIL, PHONE, BIRTH, GENDER, ADDRESS1, ADDRESS2, BLACKLIST, MEMBER_POINT, STATUS) VALUES (SEQ_MNO.NEXTVAL,'qwer36','password36!','너일까봐','하남자','qwer36@nate.com','01046584223',NULL,'여','서울 구로구 부일로 872','1번 출구','N',86,'Y');
INSERT INTO MEMBER (MEMBER_NO, MEMBER_ID, MEMBER_PWD, MEMBER_NICKNAME, MEMBER_NAME, EMAIL, PHONE, BIRTH, GENDER, ADDRESS1, ADDRESS2, BLACKLIST, MEMBER_POINT, STATUS) VALUES (SEQ_MNO.NEXTVAL,'qwer37','password37!','한번더바라보고','상여자','qwer37@daum.net','01074943413','1998-06-26','여','서울 구로구 부일로 872',NULL,'N',73,'Y');
INSERT INTO MEMBER (MEMBER_NO, MEMBER_ID, MEMBER_PWD, MEMBER_NICKNAME, MEMBER_NAME, EMAIL, PHONE, BIRTH, GENDER, ADDRESS1, ADDRESS2, BLACKLIST, MEMBER_POINT, STATUS) VALUES (SEQ_MNO.NEXTVAL,'qwer38','password38!','너일까봐자꾸','하여자','qwer38@daum.net','01034564287','1998-06-27',NULL,NULL,NULL,'Y',19,'Y');
INSERT INTO MEMBER (MEMBER_NO, MEMBER_ID, MEMBER_PWD, MEMBER_NICKNAME, MEMBER_NAME, EMAIL, PHONE, BIRTH, GENDER, ADDRESS1, ADDRESS2, BLACKLIST, MEMBER_POINT, STATUS) VALUES (SEQ_MNO.NEXTVAL,'qwer39','password39!','돌아보게돼','김승태','qwer39@daum.net','01034257468','1998-06-28','남','서울 구로구 부일로 872','4번 출구','N',91,'Y');
INSERT INTO MEMBER (MEMBER_NO, MEMBER_ID, MEMBER_PWD, MEMBER_NICKNAME, MEMBER_NAME, EMAIL, PHONE, BIRTH, GENDER, ADDRESS1, ADDRESS2, BLACKLIST, MEMBER_POINT, STATUS) VALUES (SEQ_MNO.NEXTVAL,'qwer40','password40!','어디선가','민기','qwer40@gmail.com','01018658345','1998-06-29',NULL,'서울 구로구 부일로 872',NULL,'N',99,'Y');
INSERT INTO MEMBER (MEMBER_NO, MEMBER_ID, MEMBER_PWD, MEMBER_NICKNAME, MEMBER_NAME, EMAIL, PHONE, BIRTH, GENDER, ADDRESS1, ADDRESS2, BLACKLIST, MEMBER_POINT, STATUS) VALUES (SEQ_MNO.NEXTVAL,'qwer41','password41!','같은노래를듣고','여서윤','qwer41@naver.com','01023546704',NULL,'여','서울 구로구 부일로 872','6번 출구','N',29,'Y');
INSERT INTO MEMBER (MEMBER_NO, MEMBER_ID, MEMBER_PWD, MEMBER_NICKNAME, MEMBER_NAME, EMAIL, PHONE, BIRTH, GENDER, ADDRESS1, ADDRESS2, BLACKLIST, MEMBER_POINT, STATUS) VALUES (SEQ_MNO.NEXTVAL,'qwer42','password42!','날생각하며너역시','가율','qwer42@naver.com','01034564588',NULL,'남',NULL,NULL,'N',5,'Y');
INSERT INTO MEMBER (MEMBER_NO, MEMBER_ID, MEMBER_PWD, MEMBER_NICKNAME, MEMBER_NAME, EMAIL, PHONE, BIRTH, GENDER, ADDRESS1, ADDRESS2, BLACKLIST, MEMBER_POINT, STATUS) VALUES (SEQ_MNO.NEXTVAL,'qwer43','password43!','멈춰있을까','호란','qwer43@naver.com','01052472012','2001-03-05','남','서울 구로구 부일로 872','지하 개찰구','N',41,'Y');
INSERT INTO MEMBER (MEMBER_NO, MEMBER_ID, MEMBER_PWD, MEMBER_NICKNAME, MEMBER_NAME, EMAIL, PHONE, BIRTH, GENDER, ADDRESS1, ADDRESS2, BLACKLIST, MEMBER_POINT, STATUS) VALUES (SEQ_MNO.NEXTVAL,'qwer44','password44!','오래전에함께','민호철','qwer44@naver.com','01065895346','2001-03-06','남',NULL,NULL,'N',70,'Y');
INSERT INTO MEMBER (MEMBER_NO, MEMBER_ID, MEMBER_PWD, MEMBER_NICKNAME, MEMBER_NAME, EMAIL, PHONE, BIRTH, GENDER, ADDRESS1, ADDRESS2, BLACKLIST, MEMBER_POINT, STATUS) VALUES (SEQ_MNO.NEXTVAL,'qwer45','password45!','듣던노래가','박초롱','qwer45@gmail.com','01025685834','2001-03-07','여','서울 강남구 도산대로 104',NULL,'N',62,'Y');
INSERT INTO MEMBER (MEMBER_NO, MEMBER_ID, MEMBER_PWD, MEMBER_NICKNAME, MEMBER_NAME, EMAIL, PHONE, BIRTH, GENDER, ADDRESS1, ADDRESS2, BLACKLIST, MEMBER_POINT, STATUS) VALUES (SEQ_MNO.NEXTVAL,'qwer46','password46!','거리에서내게우연히','윤보미','qwer46@gmail.com','01031457687',NULL,'여',NULL,NULL,'N',52,'Y');
INSERT INTO MEMBER (MEMBER_NO, MEMBER_ID, MEMBER_PWD, MEMBER_NICKNAME, MEMBER_NAME, EMAIL, PHONE, BIRTH, GENDER, ADDRESS1, ADDRESS2, BLACKLIST, MEMBER_POINT, STATUS) VALUES (SEQ_MNO.NEXTVAL,'qwer47','password47!','들려온것처럼','정은지','qwer47@gmail.com','01045688277','2001-03-09','여','서울 강남구 도산대로 104',NULL,'N',84,'Y');
INSERT INTO MEMBER (MEMBER_NO, MEMBER_ID, MEMBER_PWD, MEMBER_NICKNAME, MEMBER_NAME, EMAIL, PHONE, BIRTH, GENDER, ADDRESS1, ADDRESS2, BLACKLIST, MEMBER_POINT, STATUS) VALUES (SEQ_MNO.NEXTVAL,'qwer48','password48!','살아가다한번쯤','손나은','qwer48@gmail.com','01025478585','2001-03-10','여','서울 강남구 도산대로 107',NULL,'N',84,'Y');
INSERT INTO MEMBER (MEMBER_NO, MEMBER_ID, MEMBER_PWD, MEMBER_NICKNAME, MEMBER_NAME, EMAIL, PHONE, BIRTH, GENDER, ADDRESS1, ADDRESS2, BLACKLIST, MEMBER_POINT, STATUS) VALUES (SEQ_MNO.NEXTVAL,'qwer49','password49!','우연히만날것같아','김남주','qwer49@gmail.com','01025846659',NULL,'여',NULL,NULL,'N',76,'Y');
INSERT INTO MEMBER (MEMBER_NO, MEMBER_ID, MEMBER_PWD, MEMBER_NICKNAME, MEMBER_NAME, EMAIL, PHONE, BIRTH, GENDER, ADDRESS1, ADDRESS2, BLACKLIST, MEMBER_POINT, STATUS) VALUES (SEQ_MNO.NEXTVAL,'qwer50','password50!','사랑했던그모습그대로','오하영','qwer50@gmail.com','01057316835','1985-04-03','여','서울 강남구 도산대로 111',NULL,'N',4,'Y');
----------------------------------------- 
---------------- QNA 동재 -------------------
-----------------------------------------
CREATE TABLE QNA (
    ASK_NO NUMBER PRIMARY KEY NOT NULL,
    ASK_TYPE NUMBER DEFAULT 1 NOT NULL,
    ASK_TITLE VARCHAR(100) NOT NULL,
    ASK_CONTENT VARCHAR2(1000) NOT NULL,
    ASK_DATE DATE DEFAULT SYSDATE ,
    ANSWER_CONTENT VARCHAR2(1000),
    ANSWER_DATE DATE DEFAULT SYSDATE ,
    MEMBER_NO NUMBER NOT NULL,
    CONSTRAINT FK_MEMBER_TO_QNA FOREIGN KEY (MEMBER_NO) REFERENCES MEMBER (MEMBER_NO)
);
INSERT INTO QNA VALUES (SEQ_QNO.NEXTVAL, 1, '문의 제목 1', '문의 내용 1', SYSDATE, '답변 내용 1', SYSDATE, 1);
INSERT INTO QNA VALUES (SEQ_QNO.NEXTVAL, 1, '문의 제목 2', '문의 내용 2', SYSDATE, '답변 내용 2', SYSDATE, 1);
INSERT INTO QNA VALUES (SEQ_QNO.NEXTVAL, 2, '문의 제목 3', '문의 내용 3', SYSDATE, '답변 내용 3', SYSDATE, 1);
INSERT INTO QNA VALUES (SEQ_QNO.NEXTVAL, 2, '문의 제목 3', '문의 내용 3', SYSDATE, '답변 내용 3', SYSDATE, 1);
INSERT INTO QNA VALUES (SEQ_QNO.NEXTVAL, 2, '문의 제목 3', '문의 내용 3', SYSDATE, '답변 내용 3', SYSDATE, 1);
INSERT INTO QNA VALUES (SEQ_QNO.NEXTVAL, 3, '문의 제목 3', '문의 내용 3', SYSDATE, '답변 내용 3', SYSDATE, 1);
INSERT INTO QNA VALUES (SEQ_QNO.NEXTVAL, 3, '문의 제목 3', '문의 내용 3', SYSDATE, '답변 내용 3', SYSDATE, 1);
INSERT INTO QNA VALUES (SEQ_QNO.NEXTVAL, 3, '문의 제목 3', '문의 내용 3', SYSDATE, '답변 내용 3', SYSDATE, 1);
INSERT INTO QNA VALUES (SEQ_QNO.NEXTVAL, 4, '문의 제목 3', '문의 내용 3', SYSDATE, '답변 내용 3', SYSDATE, 1);
INSERT INTO QNA VALUES (SEQ_QNO.NEXTVAL, 4, '문의 제목 3', '문의 내용 3', SYSDATE, '답변 내용 3', SYSDATE, 1);
INSERT INTO QNA VALUES (SEQ_QNO.NEXTVAL, 1, '문의 제목 1', '문의 내용 1', SYSDATE, '답변 내용 1', SYSDATE, 2);
INSERT INTO QNA VALUES (SEQ_QNO.NEXTVAL, 1, '문의 제목 2', '문의 내용 2', SYSDATE, '답변 내용 2', SYSDATE, 2);
INSERT INTO QNA VALUES (SEQ_QNO.NEXTVAL, 2, '문의 제목 3', '문의 내용 3', SYSDATE, '답변 내용 3', SYSDATE, 2);
INSERT INTO QNA VALUES (SEQ_QNO.NEXTVAL, 2, '문의 제목 3', '문의 내용 3', SYSDATE, '답변 내용 3', SYSDATE, 2);
INSERT INTO QNA VALUES (SEQ_QNO.NEXTVAL, 2, '문의 제목 3', '문의 내용 3', SYSDATE, '답변 내용 3', SYSDATE, 2);
INSERT INTO QNA VALUES (SEQ_QNO.NEXTVAL, 3, '문의 제목 3', '문의 내용 3', SYSDATE, '답변 내용 3', SYSDATE, 2);
INSERT INTO QNA VALUES (SEQ_QNO.NEXTVAL, 3, '문의 제목 3', '문의 내용 3', SYSDATE, '답변 내용 3', SYSDATE, 2);
INSERT INTO QNA VALUES (SEQ_QNO.NEXTVAL, 3, '문의 제목 3', '문의 내용 3', SYSDATE, '답변 내용 3', SYSDATE, 2);
INSERT INTO QNA VALUES (SEQ_QNO.NEXTVAL, 4, '문의 제목 3', '문의 내용 3', SYSDATE, '답변 내용 3', SYSDATE, 2);
INSERT INTO QNA VALUES (SEQ_QNO.NEXTVAL, 4, '문의 제목 3', '문의 내용 3', SYSDATE, '답변 내용 3', SYSDATE, 2);
INSERT INTO QNA VALUES (SEQ_QNO.NEXTVAL, 1, '문의 제목 1', '문의 내용 1', SYSDATE, '답변 내용 1', SYSDATE, 3);
INSERT INTO QNA VALUES (SEQ_QNO.NEXTVAL, 1, '문의 제목 2', '문의 내용 2', SYSDATE, '답변 내용 2', SYSDATE, 3);
INSERT INTO QNA VALUES (SEQ_QNO.NEXTVAL, 2, '문의 제목 3', '문의 내용 3', SYSDATE, '답변 내용 3', SYSDATE, 3);
INSERT INTO QNA VALUES (SEQ_QNO.NEXTVAL, 2, '문의 제목 3', '문의 내용 3', SYSDATE, '답변 내용 3', SYSDATE, 3);
INSERT INTO QNA VALUES (SEQ_QNO.NEXTVAL, 2, '문의 제목 3', '문의 내용 3', SYSDATE, '답변 내용 3', SYSDATE, 3);
INSERT INTO QNA VALUES (SEQ_QNO.NEXTVAL, 3, '문의 제목 3', '문의 내용 3', SYSDATE, '답변 내용 3', SYSDATE, 3);
INSERT INTO QNA VALUES (SEQ_QNO.NEXTVAL, 3, '문의 제목 3', '문의 내용 3', SYSDATE, '답변 내용 3', SYSDATE, 3);
INSERT INTO QNA VALUES (SEQ_QNO.NEXTVAL, 3, '문의 제목 3', '문의 내용 3', SYSDATE, '답변 내용 3', SYSDATE, 3);
INSERT INTO QNA VALUES (SEQ_QNO.NEXTVAL, 4, '문의 제목 3', '문의 내용 3', SYSDATE, '답변 내용 3', SYSDATE, 3);
INSERT INTO QNA VALUES (SEQ_QNO.NEXTVAL, 4, '문의 제목 3', '문의 내용 3', SYSDATE, '답변 내용 3', SYSDATE, 4);
INSERT INTO QNA VALUES (SEQ_QNO.NEXTVAL, 1, '문의 제목 1', '문의 내용 1', SYSDATE, '답변 내용 1', SYSDATE, 4);
INSERT INTO QNA VALUES (SEQ_QNO.NEXTVAL, 1, '문의 제목 2', '문의 내용 2', SYSDATE, '답변 내용 2', SYSDATE, 4);
INSERT INTO QNA VALUES (SEQ_QNO.NEXTVAL, 2, '문의 제목 3', '문의 내용 3', SYSDATE, '답변 내용 3', SYSDATE, 4);
INSERT INTO QNA VALUES (SEQ_QNO.NEXTVAL, 2, '문의 제목 3', '문의 내용 3', SYSDATE, '답변 내용 3', SYSDATE, 4);
INSERT INTO QNA VALUES (SEQ_QNO.NEXTVAL, 2, '문의 제목 3', '문의 내용 3', SYSDATE, '답변 내용 3', SYSDATE, 4);
INSERT INTO QNA VALUES (SEQ_QNO.NEXTVAL, 3, '문의 제목 3', '문의 내용 3', SYSDATE, '답변 내용 3', SYSDATE, 4);
INSERT INTO QNA VALUES (SEQ_QNO.NEXTVAL, 3, '문의 제목 3', '문의 내용 3', SYSDATE, '답변 내용 3', SYSDATE, 4);
INSERT INTO QNA VALUES (SEQ_QNO.NEXTVAL, 3, '문의 제목 3', '문의 내용 3', SYSDATE, '답변 내용 3', SYSDATE, 4);
INSERT INTO QNA VALUES (SEQ_QNO.NEXTVAL, 4, '문의 제목 3', '문의 내용 3', SYSDATE, '답변 내용 3', SYSDATE, 5);
INSERT INTO QNA VALUES (SEQ_QNO.NEXTVAL, 4, '문의 제목 3', '문의 내용 3', SYSDATE, '답변 내용 3', SYSDATE, 5);
INSERT INTO QNA VALUES (SEQ_QNO.NEXTVAL, 1, '문의 제목 1', '문의 내용 1', SYSDATE, '답변 내용 1', SYSDATE, 5);
INSERT INTO QNA VALUES (SEQ_QNO.NEXTVAL, 1, '문의 제목 2', '문의 내용 2', SYSDATE, '답변 내용 2', SYSDATE, 5);
INSERT INTO QNA VALUES (SEQ_QNO.NEXTVAL, 2, '문의 제목 3', '문의 내용 3', SYSDATE, '답변 내용 3', SYSDATE, 5);
INSERT INTO QNA VALUES (SEQ_QNO.NEXTVAL, 2, '문의 제목 3', '문의 내용 3', SYSDATE, '답변 내용 3', SYSDATE, 5);
INSERT INTO QNA VALUES (SEQ_QNO.NEXTVAL, 2, '문의 제목 3', '문의 내용 3', SYSDATE, '답변 내용 3', SYSDATE, 5);
INSERT INTO QNA VALUES (SEQ_QNO.NEXTVAL, 3, '문의 제목 3', '문의 내용 3', SYSDATE, '답변 내용 3', SYSDATE, 5);
INSERT INTO QNA VALUES (SEQ_QNO.NEXTVAL, 3, '문의 제목 3', '문의 내용 3', SYSDATE, '답변 내용 3', SYSDATE, 5);
INSERT INTO QNA VALUES (SEQ_QNO.NEXTVAL, 3, '문의 제목 3', '문의 내용 3', SYSDATE, '답변 내용 3', SYSDATE, 5);
INSERT INTO QNA VALUES (SEQ_QNO.NEXTVAL, 4, '문의 제목 3', '문의 내용 3', SYSDATE, '답변 내용 3', SYSDATE, 6);
INSERT INTO QNA VALUES (SEQ_QNO.NEXTVAL, 4, '문의 제목 3', '문의 내용 3', SYSDATE, '답변 내용 3', SYSDATE, 6);
INSERT INTO QNA VALUES (SEQ_QNO.NEXTVAL, 1, '문의 제목 1', '문의 내용 1', SYSDATE, '답변 내용 1', SYSDATE, 6);
INSERT INTO QNA VALUES (SEQ_QNO.NEXTVAL, 1, '문의 제목 2', '문의 내용 2', SYSDATE, '답변 내용 2', SYSDATE, 6);
INSERT INTO QNA VALUES (SEQ_QNO.NEXTVAL, 2, '문의 제목 3', '문의 내용 3', SYSDATE, '답변 내용 3', SYSDATE, 6);
INSERT INTO QNA VALUES (SEQ_QNO.NEXTVAL, 2, '문의 제목 3', '문의 내용 3', SYSDATE, '답변 내용 3', SYSDATE, 6);
INSERT INTO QNA VALUES (SEQ_QNO.NEXTVAL, 2, '문의 제목 3', '문의 내용 3', SYSDATE, '답변 내용 3', SYSDATE, 6);
INSERT INTO QNA VALUES (SEQ_QNO.NEXTVAL, 3, '문의 제목 3', '문의 내용 3', SYSDATE, '답변 내용 3', SYSDATE, 7);
INSERT INTO QNA VALUES (SEQ_QNO.NEXTVAL, 3, '문의 제목 3', '문의 내용 3', SYSDATE, '답변 내용 3', SYSDATE, 7);
INSERT INTO QNA VALUES (SEQ_QNO.NEXTVAL, 3, '문의 제목 3', '문의 내용 3', SYSDATE, '답변 내용 3', SYSDATE, 7);
INSERT INTO QNA VALUES (SEQ_QNO.NEXTVAL, 4, '문의 제목 3', '문의 내용 3', SYSDATE, '답변 내용 3', SYSDATE, 7);
INSERT INTO QNA VALUES (SEQ_QNO.NEXTVAL, 4, '문의 제목 3', '문의 내용 3', SYSDATE, '답변 내용 3', SYSDATE, 7);
INSERT INTO QNA VALUES (SEQ_QNO.NEXTVAL, 1, '문의 제목 1', '문의 내용 1', SYSDATE, '답변 내용 1', SYSDATE, 7);
INSERT INTO QNA VALUES (SEQ_QNO.NEXTVAL, 1, '문의 제목 2', '문의 내용 2', SYSDATE, '답변 내용 2', SYSDATE, 7);
INSERT INTO QNA VALUES (SEQ_QNO.NEXTVAL, 2, '문의 제목 3', '문의 내용 3', SYSDATE, '답변 내용 3', SYSDATE, 7);
INSERT INTO QNA VALUES (SEQ_QNO.NEXTVAL, 2, '문의 제목 3', '문의 내용 3', SYSDATE, '답변 내용 3', SYSDATE, 7);
INSERT INTO QNA VALUES (SEQ_QNO.NEXTVAL, 2, '문의 제목 3', '문의 내용 3', SYSDATE, '답변 내용 3', SYSDATE, 7);
INSERT INTO QNA VALUES (SEQ_QNO.NEXTVAL, 3, '문의 제목 3', '문의 내용 3', SYSDATE, '답변 내용 3', SYSDATE, 8);
INSERT INTO QNA VALUES (SEQ_QNO.NEXTVAL, 3, '문의 제목 3', '문의 내용 3', SYSDATE, '답변 내용 3', SYSDATE, 8);
INSERT INTO QNA VALUES (SEQ_QNO.NEXTVAL, 3, '문의 제목 3', '문의 내용 3', SYSDATE, '답변 내용 3', SYSDATE, 8);
INSERT INTO QNA VALUES (SEQ_QNO.NEXTVAL, 4, '문의 제목 3', '문의 내용 3', SYSDATE, '답변 내용 3', SYSDATE, 8);
INSERT INTO QNA VALUES (SEQ_QNO.NEXTVAL, 4, '문의 제목 3', '문의 내용 3', SYSDATE, '답변 내용 3', SYSDATE, 8);
INSERT INTO QNA VALUES (SEQ_QNO.NEXTVAL, 1, '문의 제목 1', '문의 내용 1', SYSDATE, '답변 내용 1', SYSDATE, 8);
INSERT INTO QNA VALUES (SEQ_QNO.NEXTVAL, 1, '문의 제목 2', '문의 내용 2', SYSDATE, '답변 내용 2', SYSDATE, 8);
INSERT INTO QNA VALUES (SEQ_QNO.NEXTVAL, 2, '문의 제목 3', '문의 내용 3', SYSDATE, '답변 내용 3', SYSDATE, 8);
INSERT INTO QNA VALUES (SEQ_QNO.NEXTVAL, 2, '문의 제목 3', '문의 내용 3', SYSDATE, '답변 내용 3', SYSDATE, 8);
INSERT INTO QNA VALUES (SEQ_QNO.NEXTVAL, 2, '문의 제목 3', '문의 내용 3', SYSDATE, '답변 내용 3', SYSDATE, 8);
INSERT INTO QNA VALUES (SEQ_QNO.NEXTVAL, 3, '문의 제목 3', '문의 내용 3', SYSDATE, '답변 내용 3', SYSDATE, 9);
INSERT INTO QNA VALUES (SEQ_QNO.NEXTVAL, 3, '문의 제목 3', '문의 내용 3', SYSDATE, '답변 내용 3', SYSDATE, 9);
INSERT INTO QNA VALUES (SEQ_QNO.NEXTVAL, 3, '문의 제목 3', '문의 내용 3', SYSDATE, '답변 내용 3', SYSDATE, 9);
INSERT INTO QNA VALUES (SEQ_QNO.NEXTVAL, 4, '문의 제목 3', '문의 내용 3', SYSDATE, '답변 내용 3', SYSDATE, 9);
INSERT INTO QNA VALUES (SEQ_QNO.NEXTVAL, 4, '문의 제목 3', '문의 내용 3', SYSDATE, '답변 내용 3', SYSDATE, 9);
INSERT INTO QNA VALUES (SEQ_QNO.NEXTVAL, 1, '문의 제목 1', '문의 내용 1', SYSDATE, '답변 내용 1', SYSDATE, 9);
INSERT INTO QNA VALUES (SEQ_QNO.NEXTVAL, 1, '문의 제목 2', '문의 내용 2', SYSDATE, '답변 내용 2', SYSDATE, 9);
INSERT INTO QNA VALUES (SEQ_QNO.NEXTVAL, 2, '문의 제목 3', '문의 내용 3', SYSDATE, '답변 내용 3', SYSDATE, 9);
INSERT INTO QNA VALUES (SEQ_QNO.NEXTVAL, 2, '문의 제목 3', '문의 내용 3', SYSDATE, '답변 내용 3', SYSDATE, 9);
INSERT INTO QNA VALUES (SEQ_QNO.NEXTVAL, 2, '문의 제목 3', '문의 내용 3', SYSDATE, '답변 내용 3', SYSDATE, 9);
INSERT INTO QNA VALUES (SEQ_QNO.NEXTVAL, 3, '문의 제목 3', '문의 내용 3', SYSDATE, '답변 내용 3', SYSDATE, 10);
INSERT INTO QNA VALUES (SEQ_QNO.NEXTVAL, 3, '문의 제목 3', '문의 내용 3', SYSDATE, '답변 내용 3', SYSDATE, 10);
INSERT INTO QNA VALUES (SEQ_QNO.NEXTVAL, 3, '문의 제목 3', '문의 내용 3', SYSDATE, '답변 내용 3', SYSDATE, 10);
INSERT INTO QNA VALUES (SEQ_QNO.NEXTVAL, 4, '문의 제목 3', '문의 내용 3', SYSDATE, '답변 내용 3', SYSDATE, 10);
INSERT INTO QNA VALUES (SEQ_QNO.NEXTVAL, 4, '문의 제목 3', '문의 내용 3', SYSDATE, '답변 내용 3', SYSDATE, 10);
INSERT INTO QNA VALUES (SEQ_QNO.NEXTVAL, 1, '문의 제목 1', '문의 내용 1', SYSDATE, '답변 내용 1', SYSDATE, 10);
INSERT INTO QNA VALUES (SEQ_QNO.NEXTVAL, 1, '문의 제목 2', '문의 내용 2', SYSDATE, '답변 내용 2', SYSDATE, 10);
INSERT INTO QNA VALUES (SEQ_QNO.NEXTVAL, 2, '문의 제목 3', '문의 내용 3', SYSDATE, '답변 내용 3', SYSDATE, 10);
INSERT INTO QNA VALUES (SEQ_QNO.NEXTVAL, 2, '문의 제목 3', '문의 내용 3', SYSDATE, '답변 내용 3', SYSDATE, 10);
INSERT INTO QNA VALUES (SEQ_QNO.NEXTVAL, 2, '문의 제목 3', '문의 내용 3', SYSDATE, '답변 내용 3', SYSDATE, 10);
INSERT INTO QNA VALUES (SEQ_QNO.NEXTVAL, 3, '문의 제목 3', '문의 내용 3', SYSDATE, '답변 내용 3', SYSDATE, 10);
INSERT INTO QNA VALUES (SEQ_QNO.NEXTVAL, 3, '문의 제목 3', '문의 내용 3', SYSDATE, '답변 내용 3', SYSDATE, 10);
INSERT INTO QNA VALUES (SEQ_QNO.NEXTVAL, 3, '문의 제목 3', '문의 내용 3', SYSDATE, '답변 내용 3', SYSDATE, 10);




ALTER TABLE QNA ADD STATUS CHAR(1) DEFAULT 'Y';

-------------------------
----- 회원 등급 테이블 규태 -----
-------------------------
CREATE TABLE MEMBER_GRADE(
    MEMBER_CODE CHAR(1) PRIMARY KEY,
    GRADE_NAME VARCHAR2(12) NOT NULL UNIQUE,
    POINT_MIN NUMBER NOT NULL,
    POINT_MAX NUMBER NOT NULL
);
COMMENT ON COLUMN MEMBER_GRADE.MEMBER_CODE IS '회원등급코드';
COMMENT ON COLUMN MEMBER_GRADE.GRADE_NAME IS '회원등급명';
COMMENT ON COLUMN MEMBER_GRADE.POINT_MIN IS '최저점';
COMMENT ON COLUMN MEMBER_GRADE.POINT_MAX IS '최고점';
-- 더미데이터
INSERT INTO MEMBER_GRADE VALUES('1', '준회원', 0, 20);
INSERT INTO MEMBER_GRADE VALUES('2', '정회원', 21, 40);
INSERT INTO MEMBER_GRADE VALUES('3', '우수회원', 41, 80);
INSERT INTO MEMBER_GRADE VALUES('4', '특별회원', 81, 100);
-----------------------------------------
----------- 메뉴 좋아요 관련 소연 --------------
-----------------------------------------  
CREATE TABLE MENU_LIKE (
    MENU_NO NUMBER NOT NULL,
    MEMBER_NO NUMBER NOT NULL,
    FOREIGN KEY(MENU_NO) REFERENCES MENU (MENU_NO),
    FOREIGN KEY(MEMBER_NO) REFERENCES MEMBER (MEMBER_NO)
);
INSERT INTO MENU_LIKE 
VALUES (1, 1);
INSERT INTO MENU_LIKE 
VALUES (2, 2);

----------------------------- 현우 ----------------------------------------
CREATE TABLE POST_CATEGORY (
    POST_CAT_NO NUMBER(10) PRIMARY KEY NOT NULL,
    CATEGORY_NAME VARCHAR2(50) NOT NULL
);
COMMENT ON COLUMN POST_CATEGORY.POST_CAT_NO IS '게시글 유형 NO';
COMMENT ON COLUMN POST_CATEGORY.CATEGORY_NAME IS '게시판 종류';
INSERT INTO POST_CATEGORY
VALUES (1, '공지게시판');
INSERT INTO POST_CATEGORY
VALUES (2, '자유게시판');
INSERT INTO POST_CATEGORY
VALUES (3, '리뷰 게시판');
----------------------------- 현우 ----------------------------------------
----------------------------- 현우 ----------------------------------------
CREATE TABLE POST (
    POST_NO NUMBER PRIMARY KEY,
    MEMBER_NO NUMBER NOT NULL,
    POST_TITLE VARCHAR2(200) NOT NULL,
    POST_CONTENT VARCHAR2(4000) NOT NULL,
    POST_VIEW NUMBER DEFAULT 0,
    POST_DATE DATE DEFAULT SYSDATE NOT NULL,
    STATUS CHAR(1) DEFAULT 'Y' NOT NULL,
    POST_CAT_NO NUMBER NOT NULL,
    CONSTRAINT POST_FK1 FOREIGN KEY (MEMBER_NO) REFERENCES MEMBER (MEMBER_NO),
    CONSTRAINT POST_FK2 FOREIGN KEY (POST_CAT_NO) REFERENCES POST_CATEGORY (POST_CAT_NO)
);
COMMENT ON COLUMN POST.POST_NO IS '게시글 NO';
COMMENT ON COLUMN POST.POST_TITLE IS '게시글 제목';
COMMENT ON COLUMN POST.POST_CONTENT IS '게시글 내용';
COMMENT ON COLUMN POST.POST_VIEW IS '게시글 조회수';
COMMENT ON COLUMN POST.POST_DATE IS '게시글 작성일';
COMMENT ON COLUMN POST.STATUS IS '게시글 삭제여부';

INSERT INTO POST
VALUES (SEQ_PNO.NEXTVAL, 2, '치킨이라는것은..', '치킨은 비싸고 우리는 정보를 얻어야 한다. 이것이 인생의 낙.', 0, SYSDATE, 'Y', 2);


INSERT INTO POST
VALUES (SEQ_PNO.NEXTVAL, 2, '매장관리?', '산야에 가장 청춘의 동력은 영락과 살 그들은 것이다.보라, 피다. 반짝이는 그들의 곳이 주는 끓는 발휘하기 우리의 아름다우냐? 행복스럽고 가는 얼음이 크고 얼마나 든 설레는 가치를 바이며, 피다. 인간의 광야에서 그들의 꽃이 청춘의 피가 트고, 있을 보라. 봄날의 때에, 뼈 바이며, 안고, 위하여서. 밝은 그들은 풍부하게 날카로우나 커다란 것이다. 그러므로 그와 창공에 하여도 능히 보라. 인간은 그들의 아니더면, 동산에는 가는 황금시대를 뿐이다. 지혜는 내려온 석가는 생의 약동하다. 얼마나 청춘의 이것을 곳으로 귀는 살았으며, 스며들어 것이다. 사는가 몸이 대고, 가장 위하여, 원대하고, 봄바람을 이 끓는다.

끝에 어디 하였으며, 살 미묘한 영원히 사막이다. 몸이 수 풀이 보라. 대중을 우리는 살았으며, 날카로우나 쓸쓸하랴? 풍부하게 위하여서 고행을 천자만홍이 두기 그러므로 보라. 아름답고 무엇을 긴지라 가슴이 풀이 보라. 되는 시들어 피가 작고 아니한 얼음과 아름답고 이상 뿐이다. 가는 살았으며, 이 맺어, 가치를 봄바람이다. 그들의 크고 군영과 수 끓는 산야에 이것이다. 밝은 뜨고, 이상이 인생의 용감하고 위하여서 고동을 힘있다.

피부가 보내는 대고, 설레는 관현악이며, 같이, 발휘하기 거친 생생하며, 것이다. 피고 대중을 인간에 그들의 약동하다. 더운지라 것은 있는 영원히 천자만홍이 아름다우냐? 어디 기관과 내려온 우리 인간은 웅대한 충분히 대한 이것이다. 무엇이 찬미를 인간의 광야에서 보내는 일월과 열락의 청춘의 주는 황금시대다. 영원히 위하여서 있는 별과 피어나기 힘차게 쓸쓸하랴? 충분히 부패를 끝까지 같지 이상의 이상이 위하여서, 이것은 못할 이것이다. 낙원을 예수는 그들에게 거친 피가 놀이 인류의 부패를 품에 그리하였는가? 끓는 날카로우나 방황하였으며, 구하기 무엇을 밥을 청춘의 칼이다. 싸인 불어 피고 청춘은 오직 대중을 시들어 미인을 뜨고, 것이다. 노래하며 속잎나고, 충분히 있는가?', 0, SYSDATE, 'Y', 3);


INSERT INTO POST
VALUES (SEQ_PNO.NEXTVAL, 2, '피어나는 가지', '피어나는 가치를 피가 반짝이는 이상은 고동을 하여도 지혜는 운다. 천지는 날카로우나 보이는 만천하의 충분히 있는 피가 곧 이것이다.
치
없는 속에 청춘을 그들을 유소년에게서 이상 피다. 영원히 인생을 위하여, 끝에 평화스러운 공자는 뼈 피고, 운다.

과실이 긴지라 남는 아니더면, 예가 어디 반짝이는 듣는다. 부패를 간에 얼음 싹이 커다란 위하여 것이다. 인생에 꾸며 인간은 어디 무엇을 것은 안고, 위하여서. 것이 무엇이 온갖 이상의 인생에 위하여서, 방황하였으며, 몸이 못할 아니다.
', 0, SYSDATE, 'Y', 2);


INSERT INTO POST
VALUES (SEQ_PNO.NEXTVAL, 2, '제목빠뜨렸다 현우야', '무엇이 얼마나 설산에서 미인을 품고 무엇을 같으며, 교향악이다. 보는 몸이 그들은 얼음에 있으며, 크고 이 있다.

구하지 어디 가슴에 것이다.보라, 아니한 피에 그러므로 보배를 뜨거운지라, 것이다. 트고, 착목한는 석가는 끓는 이상을 할지라도 말이다.

청춘을 갑 봄날의 피어나기 심장은 희망의 착목한는 것이다. 옷을 놀이 그러므로 이상의 풀이 있으랴? 물방아 얼음이 얼음에 가치를 끓는다.', 0, SYSDATE, 'Y', 2);


INSERT INTO POST
VALUES (SEQ_PNO.NEXTVAL, 2, '잃어버린 나의 치킨', '품에 뜨거운지라, 그들의 청춘의 행복스럽고 장식하는 방황하여도, 때문이다. 이 그들의 어디 놀이 그것은 하는 굳세게 못할 것이다.

장식하는 그와 불러 품으며, 자신과 때에, 곳이 아니다. 고행을 원질이 있는 하는 보라. 품고 갑 피어나기 내려온 실현에 공자는 끓는다.

인생의 방황하였으며, 낙원을 얼음 우는 것이다. 그들에게 보내는 것은 같은 봄날의 그와 얼마나 미인을 웅대한 뿐이다.', 0, SYSDATE, 'Y', 2);

INSERT INTO POST
VALUES (SEQ_PNO.NEXTVAL, 2, '아아..아메리카노', '가치를 거친 품에 그들의 설레는 그들에게 이상의 꽃 아니다. 불러 그들에게 앞이 대중을 뭇 청춘을 타오르고 것이다.

않는 크고 청춘은 뿐이다. 남는 천자만홍이 따뜻한 위하여, 풀이 청춘의 것이 칼이다.

것은 새 그들의 천하를 것이다. 자신과 맺어, 간에 희망의 있는 되려니와, 그리하였는가? 위하여, 용기가 청춘이 커다란 거친 얼마나 청춘의 듣는다.', 0, SYSDATE, 'Y', 2);

INSERT INTO POST
VALUES (SEQ_PNO.NEXTVAL, 2, '제목 정하시 힘들다', '내는 얼음에 그들은 위하여서 부패를 피어나는 피고, 방지하는 옷을 사막이다. 맺어, 무엇을 무한한 든 고동을 인간에 인생의 옷을 끓는 철환하였는가?

용기가 이상이 귀는 무엇을 것이다. 별과 보이는 되는 같이, 들어 심장의 듣는다.

물방아 노래하며 이상은 가슴이 두기 끓는 때문이다. 우는 고동을 미묘한 황금시대다. 위하여 우리 대고, 끓는 피에 이것이다.', 0, SYSDATE, 'Y', 2);

INSERT INTO POST
VALUES (SEQ_PNO.NEXTVAL, 2, '설레는 밝은 것', '우리 설레는 대한 커다란 밝은 것이다. 인간의 얼음과 투명하되 전인 청춘은 이상의 할지라도 하였으며, 보는 그리하였는가? 그림자는 우리의 천자만홍이 사는가 대고, 있을 피에 있는가?

뜨거운지라, 위하여, 얼음에 꽃이 낙원을 얼마나 이성은 보이는 광야에서 때문이다. 심장의 피어나기 거선의 풍부하게 이것이다. 새가 이상이 속에 힘차게 바로 얼음과 위하여서.

우리 과실이 노래하며 이상의 미인을 소금이라 풍부하게 반짝이는 봄바람이다. 위하여서, 아름답고 쓸쓸한 인생에 품으며, 그들은 것이다. 불어 인생을 별과 같이 것이다. 자신과 봄바람을 인간은 피에 이상의 뭇 보는 칼이다.', 0, SYSDATE, 'Y', 2);

INSERT INTO POST
VALUES (SEQ_PNO.NEXTVAL, 2, '아룸답다', '것이다.보라, 살 행복스럽고 석가는 내려온 청춘 구할 부패뿐이다. 풀밭에 인생을 가슴에 그들을 있는 온갖 말이다.

끓는 위하여 열락의 예수는 보배를 인간의 위하여서. 얼마나 구하지 생의 것이다. 위하여 살 되려니와, 것이다.

생명을 인간이 우리 무엇을 밥을 피고, 날카로우나 것이다. 같이 밝은 주는 가치를 그들의 그들은 맺어, 약동하다. 없는 풀이 이것이야말로 모래뿐일 이상, 가슴에 목숨을 평화스러운 이상의 아름다우냐?', 0, SYSDATE, 'Y', 2);

INSERT INTO POST
VALUES (SEQ_PNO.NEXTVAL, 2, '유소년 무소년', '유소년에게서 구하지 풍부하게 산야에 희망의 그들의 것은 물방아 칼이다. 고동을 새 아름답고 것이다. 길을 있는 청춘을 과실이 그들의 철환하였는가? 사랑의 이상 그들은 위하여, 내려온 쓸쓸하랴?

가지에 스며들어 커다란 가슴이 청춘은 얼마나 바이며, 듣는다. 현저하게 이상 되는 이상의 두기 앞이 이상의 것은 아니다. 그들의 구하지 시들어 웅대한 풍부하게 우리 그리하였는가?

우리는 새가 생의 피고, 가장 끓는다. 앞이 같이 불어 너의 주는 인생을 간에 있는가? 있는 끓는 그와 군영과 길지 노래하며 끓는다. 심장은 들어 미인을 품에 기관과 그들에게 생의 얼음과 보라.', 0, SYSDATE, 'Y', 2);

INSERT INTO POST
VALUES (SEQ_PNO.NEXTVAL, 2, '열매 아홉매 여덢매', '열매를 얼마나 청춘을 우리의 열락의 많이 교향악이다. 그러므로 이상 이 남는 그들은 갑 있으며, 있는 옷을 철환하였는가? 생명을 가지에 봄날의 보이는 그리하였는가?

뜨고, 산야에 곧 황금시대를 피다. 무한한 공자는 안고, 방황하여도, 뼈 그러므로 교향악이다. 이상의 안고, 피고 대고, 얼음에 무엇을 따뜻한 듣는다. 따뜻한 풍부하게 광야에서 같이 봄바람을 있으랴?

오아이스도 동산에는 보는 위하여 불러 그들은 그들은 따뜻한 이것이다. 사는가 낙원을 실현에 심장은 그리하였는가?', 0, SYSDATE, 'Y', 2);

INSERT INTO POST
VALUES (SEQ_PNO.NEXTVAL, 2, '심장을 구하지, 그리고 팔하지', '심장은 구하지 모래뿐일 미인을 속에 칼이다. 대고, 심장의 곳으로 과실이 것이다. 영원히 가는 같은 봄바람이다.

찬미를 천자만홍이 그러므로 그들의 간에 그들은 약동하다. 심장은 설레는 만천하의 구하지 이상 것이 꾸며 이성은 있다. 되려니와, 가치를 남는 같으며, 지혜는 구하지 것이다.

살 무엇이 무한한 가치를 방황하여도, 인생의 보배를 교향악이다. 안고, 원질이 물방아 무한한 가장 인간에 간에 칼이다. 풀밭에 있는 그들의 황금시대다. 전인 것은 예가 같은 피에 힘있다.', 0, SYSDATE, 'Y', 2);

INSERT INTO POST
VALUES (SEQ_PNO.NEXTVAL, 2, '치킨이라는것은..', '피어나기 인간에 스며들어 같은 석가는 것이다. 예가 장식하는 동산에는 피는 웅대한 것이다. 황금시대를 온갖 사랑의 것은 거친 이상 모래뿐일 능히 뿐이다. 그들의 반짝이는 돋고, 것은 불러 내려온 이상 것이다.

구하지 그들의 얼음에 위하여, 기관과 사랑의 말이다. 귀는 풍부하게 이상 내려온 방황하였으며, 것이다.

우는 천하를 천고에 것은 것은 우리 설레는 든 뿐이다. 용기가 설산에서 광야에서 사막이다. 두손을 인생의 놀이 스며들어 풀밭에 만천하의 우리는 봄바람이다. 내는 시들어 청춘의 이 꽃이 뛰노는 낙원을 만물은 피고 것이다.', 0, SYSDATE, 'Y', 2);

INSERT INTO POST
VALUES (SEQ_PNO.NEXTVAL, 2, '치킨이라는것은..', '그들은 그들은 품었기 커다란 목숨이 기관과 넣는 무엇을 쓸쓸하랴? 못할 끓는 낙원을 행복스럽고 되려니와, 끓는 스며들어 이것이다. 옷을 굳세게 같으며, 든 갑 시들어 인생의 있는 말이다.

풍부하게 살 그것을 부패를 청춘의 몸이 길지 새가 있다. 부패를 그들의 뭇 부패뿐이다. 속에 인생의 있는 시들어 할지니, 것이다.

아니더면, 착목한는 역사를 이 열락의 보라. 거친 전인 풍부하게 그들의 소리다.이것은 것은 이 스며들어 피는 피다.', 0, SYSDATE, 'Y', 2);

INSERT INTO POST
VALUES (SEQ_PNO.NEXTVAL, 2, '여기도 빼먹었네?', '되는 영원히 소담스러운 있을 유소년에게서 약동하다. 불어 만천하의 사라지지 황금시대다.

얼마나 방황하여도, 많이 용기가 위하여 칼이다. 이상을 그들을 기쁘며, 인간은 보는 행복스럽고 이것이다. 쓸쓸한 같이, 이상의 안고, 품고 청춘 것이다.

기관과 평화스러운 그들의 주며, 심장의 가슴에 피는 있으랴? 위하여 맺어, 만천하의 구하지 황금시대를 뿐이다. 든 그들의 희망의 보배를 가장 우리 것이다. 행복스럽고 인생에 것은 심장은 모래뿐일 이 쓸쓸한 이것이다.', 0, SYSDATE, 'Y', 2);

INSERT INTO POST
VALUES (SEQ_PNO.NEXTVAL, 2, '마 천지 삐끼다.', '천지는 광야에서 방황하였으며, 그들을 풀이 트고, 물방아 작고 피다. 것이다.보라, 공자는 청춘 불어 미인을 하는 약동하다. 맺어, 때까지 바이며, 사막이다.

위하여 석가는 가는 그림자는 스며들어 이성은 이상은 되려니와, 뭇 것이다. 영원히 생의 심장은 힘있다.

그러므로 몸이 것이 인생에 있을 끓는다. 뛰노는 피가 꾸며 산야에 것은 그들의 피어나는 찾아 보라.', 0, SYSDATE, 'Y', 2);


INSERT INTO POST
VALUES (SEQ_PNO.NEXTVAL, 2, '아아.. 더미데이터라는것', '천자만홍이 트고, 용감하고 가는 심장의 열락의 열락의 원대하고, 풍부하게 약동하다. 뛰노는 영원히 대고, 소금이라 그들은 사막이다. 붙잡아 낙원을 별과 같이, 찾아 방황하여도, 있는가? 황금시대를 보배를 오아이스도 이상은 곧 거선의 넣는 것은 트고, 그리하였는가?

시들어 몸이 얼마나 아니다. 하여도 많이 동산에는 있다. 옷을 맺어, 가치를 없으면, 것이 군영과 이 자신과 봄바람이다. 굳세게 가치를 인간에 우리 피가 약동하다.

관현악이며, 때까지 인생에 피부가 심장은 것은 불러 아니한 부패뿐이다. 청춘의 청춘을 목숨을 봄바람이다.', 0, SYSDATE, 'Y', 2);


INSERT INTO POST
VALUES (SEQ_PNO.NEXTVAL, 2, '완고, 노년 힘들다 힝구', '안고, 그들은 노년에게서 가진 넣는 튼튼하며, 보이는 불어 것이다. 인생의 끝까지 열락의 주며, 쓸쓸하랴? 무한한 거친 봄날의 약동하다.

그것은 끝까지 얼음이 끓는 수 무엇을 갑 것이다. 가는 싹이 듣기만 것은 말이다. 피어나기 현저하게 우리 피고 끓는다.

가지에 곳으로 구할 힘차게 대한 별과 이상의 인생의 것이다. 그들은 지혜는 구할 아니다.', 0, SYSDATE, 'Y', 2);


INSERT INTO POST
VALUES (SEQ_PNO.NEXTVAL, 2, '보내는 물과 받는 물', '보내는 풀이 그들의 것은 가장 사막이다. 보배를 피가 옷을 보라.

풍부하게 천하를 굳세게 돋고, 되는 이상을 찾아 뛰노는 있는가? 없는 굳세게 만물은 듣는다. 대고, 튼튼하며, 천지는 소금이라 꽃이 가진 우리 청춘의 구하지 힘있다. 간에 앞이 피에 넣는 우리는 그들은 스며들어 심장은 교향악이다.

피고, 스며들어 밝은 것은 같은 대고, 놀이 피가 인류의 위하여서. 뼈 위하여서 생명을 찬미를 품으며, 고동을 그리하였는가? 품었기 피가 광야에서 천지는 없으면, 풀이 위하여, 철환하였는가? 그들을 이 스며들어 동력은 그들에게 황금시대를 품에 눈에 못할 이것이다.', 0, SYSDATE, 'Y', 2);


INSERT INTO POST
VALUES (SEQ_PNO.NEXTVAL, 2, '바로 돋고 소름돋고, 더듬이가 돋는다.', '바로 돋고, 가슴에 그들의 그림자는 우리 아름다우냐? 하는 없으면 그러므로 것은 역사를 밥을 끓는 물방아 피가 피다.

청춘 긴지라 위하여 피어나는 따뜻한 부패뿐이다. 소담스러운 동산에는 봄바람을 끝까지 가진 무엇을 꽃 대한 못할 있으랴?

대고, 넣는 이상, 이것이다. 싶이 원대하고, 어디 못하다 갑 피가 그러므로 쓸쓸한 얼음이 봄바람이다.', 0, SYSDATE, 'Y', 2);


INSERT INTO POST
VALUES (SEQ_PNO.NEXTVAL, 2, '있으면서 없다. 내 돈,', '있으며, 수 없으면, 아니더면, 가지에 청춘의 열매를 봄바람이다. 자신과 용감하고 맺어, 어디 것은 우리 얼마나 그리하였는가? 풍부하게 생생하며, 무한한 들어 고행을 사막이다.

거선의 실현에 청춘의 불어 얼음과 청춘 충분히 커다란 교향악이다. 오아이스도 같은 인간이 보이는 굳세게 하는 것이다. 날카로우나 아니더면, 방황하여도, 청춘 쓸쓸하랴? 그들의 크고 돋고, 천자만홍이 눈이 타오르고 옷을 있는가?

열락의 같으며, 청춘은 있으며, 인간은 청춘에서만 무엇을 날카로우나 사막이다. 곳으로 발휘하기 청춘에서만 때문이다.', 0, SYSDATE, 'Y', 2);


INSERT INTO POST
VALUES (SEQ_PNO.NEXTVAL, 2, '구하지 그들의 시들어', '구하지 그들의 시들어 크고 별과 하였으며, 있는 위하여 위하여, 칼이다. 이상 역사를 보는 주며, 위하여 있으며, 얼마나 공자는 뿐이다.

노년에게서 낙원을 때까지 인생에 말이다. 그들은 풍부하게 우리 어디 그와 운다.

용감하고 황금시대의 얼음에 얼마나 가치를 이상의 이것이야말로 사랑의 그것은 때문이다. 같으며, 창공에 그와 별과 소금이라 피다. 피어나기 청춘의 심장의 광야에서 돋고, 이것을 인간의 인간은 커다란 칼이다. 인간이 생명을 이것은 피는 우리 하였으며, 수 이것이다.', 0, SYSDATE, 'Y', 2);


INSERT INTO POST
VALUES (SEQ_PNO.NEXTVAL, 2, '천하가 있다면 양옆도 있다.', '천하를 만천하의 설레는 안고, 피가 내려온 피가 하여도 교향악이다. 행복스럽고 무엇을 얼음에 같이 예수는 것이다. 우리 기쁘며, 꽃이 바로 눈에 커다란 없는 있음으로써 이것이다. 곧 부패를 청춘의 투명하되 때문이다.

작고 대고, 설산에서 피다. 우리의 위하여 이상이 이상의 하는 되는 뭇 황금시대다. 대고, 고행을 천고에 두기 따뜻한 사는가 것이다. 귀는 오직 미인을 온갖 긴지라 우리 위하여서.

동산에는 피에 피고 많이 바로 얼음이 그리하였는가? 얼음에 사는가 봄날의 교향악이다.', 0, SYSDATE, 'Y', 2);


INSERT INTO POST
VALUES (SEQ_PNO.NEXTVAL, 2, '못하다 뭘? 그러', '못하다 방지하는 사는가 대고, 산야에 얼마나 위하여 것이다. 그들은 것은 같으며, 사랑의 낙원을 인도하겠다는 동력은 교향악이다.

찾아다녀도, 그들은 끓는 갑 이상은 철환하였는가? 새가 이상 풀밭에 사막이다. 불러 소담스러운 그들은 얼음과 봄날의 것이다.

것은 천자만홍이 든 인간에 우는 이 고행을 군영과 것이다. 관현악이며, 얼마나 만물은 끓는다. 산야에 가슴에 것은 내려온 튼튼하며, 피다. 피부가 품으며, 피가 것이다.', 0, SYSDATE, 'Y', 2);


INSERT INTO POST
VALUES (SEQ_PNO.NEXTVAL, 2, '이상한 이상', '이상을 하였으며, 청춘 반짝이는 길을 봄바람이다. 할지니, 이상의 것은 살았으며, 사랑의 아름다우냐?

관현악이며, 별과 청춘의 칼이다. 위하여, 갑 전인 그리하였는가?

있음으로써 가슴에 사랑의 뭇 싸인 주는 장식하는 이 피다. 이상이 있는 바이며, 동산에는 동력은 열매를 부패뿐이다. 가치를 설산에서 낙원을 할지니, 칼이다.', 0, SYSDATE, 'Y', 2);


INSERT INTO POST
VALUES (SEQ_PNO.NEXTVAL, 2, '불러 되려니와, 소난다.', '불러 되려니와, 소리다.이것은 몸이 천하를 사는가 봄바람이다. 만물은 반짝이는 같으며, 그들의 가는 안고, 타오르고 새 사막이다.

바이며, 속에서 노년에게서 천하를 때까지 그것은 있는가? 못하다 역사를 쓸쓸한 무엇을 운다. 사람은 얼마나 꾸며 이상 황금시대다. 아름답고 얼마나 이상의 원대하고, 인류의 철환하였는가?

인생을 사랑의 끓는 인간의 낙원을 가치를 끓는 소금이라 쓸쓸한 힘있다. 인도하겠다는 커다란 낙원을 끓는 꽃이 인간은 약동하다. 돋고, 소금이라 할지니, 들어 없으면, 끓는 인생의 청춘의 자신과 칼이다. 우리 이 몸이 이상은 어디 따뜻한 만물은 크고 피다.', 0, SYSDATE, 'Y', 2);


INSERT INTO POST
VALUES (SEQ_PNO.NEXTVAL, 2, '내는 무섭다', '내는 같으며, 이상의 이상을 품었기 커다란 많이 이것이다. 눈에 현저하게 그들은 무엇이 아름답고 이것이야말로 끓는 것은 쓸쓸하랴? 그들은 어디 있는 새 피가 커다란 실현에 예수는 위하여서. 인생의 남는 어디 길을 전인 곳으로 실로 것이다.

같이 우리 때까지 내려온 운다. 어디 두손을 심장은 위하여, 이것이다.

맺어, 긴지라 찾아다녀도, 안고, 목숨을 불어 아니한 없으면 위하여서. 싹이 시들어 예가 반짝이는 군영과 운다. 안고, 같이 인생을 대고, 보라.', 0, SYSDATE, 'Y', 2);


INSERT INTO POST
VALUES (SEQ_PNO.NEXTVAL, 2, '구하기 그러므로', '구하기 그러므로 가치를 두기 것이다. 찬미를 천자만홍이 현저하게 하였으며, 전인 물방아 듣기만 갑 황금시대다. 긴지라 열매를 사랑의 우리의 돋고, 타오르고 끝에 붙잡아 무한한 것이다. 공자는 남는 가는 구하지 청춘의 인간이 새가 품었기 살 약동하다.

곳이 산야에 곳으로 그들은 피다. 풍부하게 행복스럽고 있음으로써 눈에 그러므로 군영과 우리의 낙원을 무엇을 때문이다. 노래하며 인생에 그것을 희망의 피가 실로 보배를 영원히 것이다. 주며, 고동을 것은 인간의 살 피는 군영과 얼음에 보라.

꽃이 봄바람을 무엇을 시들어 봄날의 하였으며, 곧 교향악이다. 황금시대의 물방아 열락의 거선의 얼마나 같지 없으면 것이다. 아니더면, 얼마나 인생에 것이다. 오직 우리 그림자는 이 광야에서 온갖 눈에 몸이 끓는다.', 0, SYSDATE, 'Y', 2);


INSERT INTO POST
VALUES (SEQ_PNO.NEXTVAL, 2, '아프리카 청춘이다', '청춘에서만 가슴이 같은 오아이스도 설레는 두손을 인생을 인생을 철환하였는가? 때에, 같으며, 할지니, 생생하며, 청춘에서만 가진 봄바람이다. 이상의 보배를 얼마나 봄바람이다.

날카로우나 뜨거운지라, 뛰노는 있다. 대한 소담스러운 능히 이상은 봄바람이다. 오아이스도 사라지지 넣는 때문이다.

우리 이것을 앞이 이것이다. 자신과 두기 뼈 이상이 끓는 있다. 있는 피어나기 행복스럽고 하여도 살 싶이 쓸쓸하랴? 소리다.이것은 품었기 없으면, 이상 있는 원질이 꽃 있음으로써 하였으며, 끓는다.', 0, SYSDATE, 'Y', 2);


INSERT INTO POST
VALUES (SEQ_PNO.NEXTVAL, 2, '못한다 무섭다 싫다 ㅠ', '할지라도 황금시대의 창공에 수 위하여서 긴지라 놀이 있는가? 얼마나 미묘한 것은 얼마나 청춘 천하를 소금이라 말이다. 귀는 희망의 앞이 고동을 우는 곳이 들어 그들의 때문이다.

놀이 노래하며 목숨을 우리 것이다. 그들은 있으며, 그들의 생명을 따뜻한 인간의 사람은 못할 쓸쓸한 듣는다.

용기가 무엇을 위하여 그들의 할지니, 사막이다. 이것은 그것은 위하여 인간은 하였으며, 못할 때문이다.', 0, SYSDATE, 'Y', 2);


INSERT INTO POST
VALUES (SEQ_PNO.NEXTVAL, 2, '옷은 소금 소금은 고기랑', '있는 이상의 뭇 소금이라 그들의 인간이 이상의 사막이다. 청춘에서만 이 않는 목숨을 아름답고 때문이다.

이것을 그들에게 그것은 역사를 우는 생의 풍부하게 피고 대중을 것이다. 거친 아니한 되려니와, 남는 있는가? 뭇 오직 사라지지 부패를 것이다.

끓는 풍부하게 사람은 이상의 몸이 힘있다. 영원히 커다란 인간은 같으며, 예가 사는가 없는 끓는다. 놀이 있는 지혜는 인도하겠다는 무엇을 아니다.', 0, SYSDATE, 'Y', 2);


INSERT INTO POST
VALUES (SEQ_PNO.NEXTVAL, 2, '공자께서는.. 어음..', '공자는 아니한 찾아 이것을 생명을 이것이다. 그들의 보배를 찾아 그들은 힘차게 무엇을 것이다. 평화스러운 인간이 뭇 바로 영락과 힘차게 방지하는 그리하였는가? 주는 두기 인류의 그러므로 할지라도 끝까지 부패뿐이다.

청춘은 피는 뼈 그들을 그들의 역사를 칼이다. 남는 이상은 품에 못하다 사막이다. 그것은 능히 할지니, 무엇을 가지에 인간의 뜨고, 그와 청춘 것이다. 대중을 설산에서 같은 말이다.

피가 피에 소담스러운 열매를 끓는다. 끓는 얼마나 우는 이상의 풀이 고동을 끝까지 그들은 것이다. 오아이스도 인생을 트고, 낙원을 것이다. 이상을 때까지 끓는 간에 그들은 얼음에 칼이다.
', 0, SYSDATE, 'Y', 2);


INSERT INTO POST
VALUES (SEQ_PNO.NEXTVAL, 2, '이상은 사람이름 같다.', '이상은 새 않는 하였으며, 인간에 이것이다. 이것을 구할 갑 있는 트고, 인간은 것이다.

곳이 풀밭에 유소년에게서 미묘한 그리하였는가? 옷을 찬미를 같지 청춘의 그들은 길을 황금시대다.

가치를 예가 무엇을 현저하게 이것은 아니다. 그들은 고동을 인도하겠다는 있는 그들의 이것이다.
', 0, SYSDATE, 'Y', 2);


INSERT INTO POST
VALUES (SEQ_PNO.NEXTVAL, 2, '황금을 주세요', '우리 쓸쓸한 물방아 가치를 실로 보이는 그림자는 착목한는 있는가? 하여도 기쁘며, 못할 되려니와, 쓸쓸하랴? 사랑의 유소년에게서 위하여, 못하다 반짝이는 두기 기쁘며, 넣는 이것이다. 영락과 황금시대의 위하여 심장은 수 만천하의 커다란 몸이 오아이스도 사막이다.

그들을 꽃 같은 가치를 인간이 설산에서 하는 부패뿐이다. 주며, 이상이 곳이 모래뿐일 고동을 천자만홍이 인생을 쓸쓸한 힘있다.

예수는 자신과 품었기 풀이 있으랴? 하는 용기가 때까지 있음으로써 얼마나 황금시대다.', 0, SYSDATE, 'Y', 2);

INSERT INTO POST
VALUES (SEQ_PNO.NEXTVAL, 2, '인생에 내가 있다.', '인생에 그들을 주며, 하여도 황금시대다. 긴지라 그들에게 그들의 싹이 열락의 운다.

많이 방지하는 전인 작고 오직 들어 구할 인간에 설산에서 쓸쓸하랴? 맺어, 밝은 능히 희망의 피가 품에 든 쓸쓸하랴? 목숨을 심장의 만천하의 위하여 능히 동력은 끝에 눈이 피부가 이것이다. 싸인 넣는 풀이 것이다.

가장 때까지 황금시대의 천하를 창공에 사는가 하여도 위하여, 아름다우냐? 속잎나고, 트고, 가슴이 이상이 있는가? 피가 커다란 것이 많이 같으며, 하였으며, 할지니, 이것이다. 오직 싶이 꽃이 피어나는 것이다.', 0, SYSDATE, 'Y', 2);

INSERT INTO POST
VALUES (SEQ_PNO.NEXTVAL, 2, '너의 없는 마음 따흑.', '없는 너의 사랑의 바로 싸인 운다. 발휘하기 많이 풍부하게 주며, 천하를 찬미를 살았으며, 위하여서. 풀밭에 하는 같이 것은 하여도 행복스럽고 칼이다.

피고, 놀이 되려니와, 품에 않는 많이 생의 것이다. 봄날의 더운지라 방지하는 황금시대의 별과 같지 기쁘며, 뿐이다.

이상의 끓는 방지하는 풀이 청춘을 얼마나 사랑의 인간의 사막이다. 대한 수 넣는 수 철환하였는가? 가지에 이상의 살았으며, 있을 것은 원질이 있으며, 남는 못하다 이것이다.', 0, SYSDATE, 'Y', 2);



INSERT INTO POST
VALUES (SEQ_PNO.NEXTVAL, 2, '몰라 나', '있는 같이, 원질이 심장의 방지하는 고동을 같은 끓는다. 이상은 그것을 그들의 이것이다.

하였으며, 방황하였으며, 크고 물방아 듣는다. 기관과 사랑의 청춘의 그리하였는가?

품고 몸이 같은 이 심장은 밥을 뿐이다. 못할 봄날의 이상은 충분히 같으며, 구하지 불어 힘차게 소담스러운 말이다. 속에 끓는 듣기만 이것이야말로 이상의 이상, 착목한는 풀이 봄바람이다. 가진 가슴이 방지하는 주는 피가 뜨거운지라, 생의 이상의 철환하였는가?', 0, SYSDATE, 'Y', 3);

INSERT INTO POST
VALUES (SEQ_PNO.NEXTVAL, 2, '철학.. 철은 무서웡', '바이며, 것은 불어 봄날의 있으랴? 실로 얼마나 이상 유소년에게서 뜨고, 그들은 길을 있는 더운지라 그리하였는가?

자신과 가지에 청춘은 넣는 우리 인생을 열락의 하여도 현저하게 약동하다. 구하기 우리는 사는가 인류의 들어 위하여서 뿐이다. 같이, 그러므로 우리 가치를 소담스러운 이상이 아름답고 용감하고 이것이다.

꽃 공자는 원대하고, 고동을 이것이야말로 이상 트고, 인간이 이상의 것이다. 아름답고 든 위하여, 창공에 찾아다녀도, 인류의 발휘하기 것이다.', 0, SYSDATE, 'Y', 3);

INSERT INTO POST
VALUES (SEQ_PNO.NEXTVAL, 2, '인간이 뭘 위하여?', '인간이 같지 위하여, 것이다. 같이, 되려니와, 찬미를 꽃이 따뜻한 그러므로 인도하겠다는 가는 용감하고 뿐이다. 그것은 대한 위하여 우리의 낙원을 타오르고 곳으로 노래하며 있으며, 약동하다. 인생의 주는 이상은 가슴에 것이다.

가슴이 거친 같이, 얼음이 시들어 노래하며 봄바람을 있는 얼마나 이것이다. 청춘의 싶이 같으며, 되려니와, 품으며, 아름다우냐? 뜨고, 이상 만천하의 열매를 무한한 충분히 불어 사막이다. 때까지 따뜻한 같은 무엇을 새가 아름다우냐?

보배를 무엇을 주는 그리하였는가? 튼튼하며, 꾸며 커다란 할지니, 몸이 풍부하게 때문이다. 이상은 가치를 곳으로 가는 뿐이다. 이상이 인간에 내는 같으며, 아름답고 몸이 어디 같이, 품었기 아름다우냐?', 0, SYSDATE, 'Y', 3);

INSERT INTO POST
VALUES (SEQ_PNO.NEXTVAL, 2, '따뜻한 청춘은 개뿔', '보내는 따뜻한 청춘은 거친 그러므로 듣기만 용기가 청춘의 이것을 봄바람이다. 두손을 이상 인생에 이상의 눈이 칼이다. 그것을 하였으며, 얼음에 교향악이다. 설산에서 이상은 것은 위하여서, 고동을 것이다.보라, 생의 살았으며, 우리 이것이다.

것은 일월과 힘차게 뭇 관현악이며, 피어나기 봄바람이다. 가는 피에 듣기만 희망의 만천하의 크고 창공에 부패뿐이다. 듣기만 그들은 가는 넣는 붙잡아 소금이라 이상의 그리하였는가? 능히 동력은 튼튼하며, 것이 풀이 그들은 기관과 안고, 피다.

이 그들의 맺어, 사는가 길을 인간에 이 풀이 이것이다. 돋고, 웅대한 바이며, 같지 천자만홍이 인간의 가치를 불어 없는 있으랴?', 0, SYSDATE, 'Y', 3);

INSERT INTO POST
VALUES (SEQ_PNO.NEXTVAL, 2, '난 용감해 댓츠 라잌 마치 쿠', '구하기 용감하고 황금시대를 속에서 이상이 따뜻한 때까지 피어나기 풍부하게 것이다. 인간은 두기 영원히 우는 구하기 그들의 가슴이 그리하였는가? 없으면, 끝에 그와 이상을 가슴이 우리 때까지 보라. 봄바람을 인도하겠다는 풍부하게 못할 그들의 철환하였는가?

같은 두손을 희망의 방황하여도, 낙원을 노래하며 이 것이다. 무엇이 살았으며, 그림자는 평화스러운 그들의 인도하겠다는 얼음이 눈이 눈에 것이다.

생생하며, 것은 청춘 뜨고, 끓는 가치를 가는 없는 현저하게 약동하다. 눈에 이상이 소리다.이것은 자신과 품에 사막이다.', 0, SYSDATE, 'Y', 3);

INSERT INTO POST
VALUES (SEQ_PNO.NEXTVAL, 2, '안다 나는 달걀', '든 끝까지 황금시대의 천고에 역사를 주는 그러므로 듣는다. 그들은 더운지라 얼음에 대한 같은 튼튼하며, 천고에 이것이다. 싸인 그러므로 피가 트고, 없으면, 뛰노는 봄바람이다.

그와 찾아다녀도, 같지 놀이 꽃 그러므로 찬미를 밥을 이것이다. 가는 커다란 옷을 힘있다. 인간의 있는 품고 우리는 같으며, 타오르고 붙잡아 우는 말이다. 할지니, 주는 두기 철환하였는가?

밝은 투명하되 못할 예가 내려온 부패를 영원히 용감하고 그들은 철환하였는가? 끝까지 얼마나 간에 끓는다.', 0, SYSDATE, 'Y', 3);

INSERT INTO POST
VALUES (SEQ_PNO.NEXTVAL, 2, '시끄러운 얼음', '얼음 소담스러운 우리는 이상이 실현에 인간이 가치를 꽃 약동하다. 옷을 거친 풍부하게 없는 그들의 끝까지 따뜻한 가지에 것이다. 청춘의 실로 그들은 우리 역사를 사막이다.

고행을 얼마나 방지하는 살았으며, 방황하였으며, 열락의 못하다 청춘은 말이다. 인생에 것이 않는 피고 사랑의 피부가 것은 밝은 있다. 끝까지 없으면, 발휘하기 온갖 인간의 옷을 내려온 그것은 두기 칼이다.

할지라도 반짝이는 있음으로써 끓는 그러므로 이것이다. 그러므로 만물은 우리의 심장은 구하지 황금시대의 끝에 듣는다.', 0, SYSDATE, 'Y', 3);

INSERT INTO POST
VALUES (SEQ_PNO.NEXTVAL, 2, '봄바람과 벚꽃엔딩', '몸이 새 때까지 봄바람이다. 보내는 뜨고, 인간이 노래하며 우리의 무엇을 전인 이것이다. 없는 청춘에서만 심장은 역사를 길을 불어 그리하였는가? 생생하며, 같으며, 속에서 듣는다.

이상은 용기가 얼음 봄바람을 청춘에서만 칼이다. 석가는 어디 바이며, 내려온 힘있다. 못할 방황하였으며, 날카로우나 산야에 우리 온갖 광야에서 운다. 듣기만 피는 안고, 그림자는 뿐이다.

고행을 같이, 같이 이것은 천지는 것이다. 인간이 보이는 수 철환하였는가?
', 0, SYSDATE, 'Y', 3);

INSERT INTO POST
VALUES (SEQ_PNO.NEXTVAL, 2, '몰라이건', '구하지 피고 영원히 수 희망의 우리는 쓸쓸한 끓는다. 싹이 위하여 하여도 돋고, 속잎나고, 기쁘며, 붙잡아 뿐이다.

있으며, 일월과 대중을 칼이다. 풍부하게 이상의 얼마나 이것이다. 어디 바로 대고, 대한 예수는 얼마나 가치를 이것이다. 같지 사랑의 반짝이는 싶이 끓는다.

속에 가슴에 얼음이 얼마나 이상이 무엇을 구할 위하여서. 그들은 것은 인생을 그들의 청춘의 거선의 봄바람이다. 그와 품었기 구하지 날카로우나 사라지지 물방아 심장의 눈에 쓸쓸하랴?
', 0, SYSDATE, 'Y', 3);

INSERT INTO POST
VALUES (SEQ_PNO.NEXTVAL, 2, '우루사~', '간에 이상 들어 같이, 위하여서, 부패뿐이다. 무엇이 무엇을 천고에 웅대한 용감하고 곳이 희망의 것이다. 그들에게 때까지 무한한 이성은 더운지라 위하여 철환하였는가? 것은 얼마나 힘차게 끓는 거선의 스며들어 이상의 주며, 뛰노는 것이다.

그들에게 못할 하여도 눈이 청춘의 꽃이 기쁘며, 고행을 때문이다. 때에, 이상은 꽃이 그들에게 소금이라 앞이 소담스러운 품에 공자는 이것이다. 우리 풀이 인간에 것은 간에 같이 광야에서 창공에 대중을 때문이다.

이 품에 설산에서 아니더면, 영락과 길을 꽃이 별과 우리 것이다. 뛰노는 스며들어 이는 기관과 능히 교향악이다. 천고에 하는 무한한 열락의 생명을 인생의 같은 그림자는 이 듣는다.
', 0, SYSDATE, 'Y', 3);

INSERT INTO POST
VALUES (SEQ_PNO.NEXTVAL, 2, '주며니 주머니 아주머니 ㅋ', '인간에 든 주며, 인생을 사막이다. 우리 뭇 모래뿐일 천고에 가진 가는 쓸쓸하랴? 청춘의 평화스러운 수 곳으로 긴지라 피어나기 이상 것이다.

따뜻한 가는 인생을 것이다. 밝은 보이는 피고, 남는 이상은 사라지지 실현에 사막이다. 불어 천자만홍이 들어 든 그들에게 내려온 새 천지는 있다. 있는 인생의 거친 놀이 끓는 평화스러운 창공에 옷을 있다.

봄날의 피부가 꽃이 간에 노래하며 위하여 생의 천자만홍이 목숨이 칼이다. 없으면 붙잡아 꽃이 피부가 싹이 하여도 어디 우는 약동하다.', 0, SYSDATE, 'Y', 3);

INSERT INTO POST
VALUES (SEQ_PNO.NEXTVAL, 2, '참새 false새 ㅋㅋㅋㅋㅋ', '가는 심장의 사랑의 이상은 맺어, 때까지 긴지라 있는가? 피고 않는 구하기 위하여서, 것은 봄바람이다. 때에, 피고, 능히 청춘의 칼이다.

이것을 소담스러운 안고, 보배를 끓는다. 바이며, 얼음에 인류의 석가는 천고에 인생의 이상 우리 보라. 광야에서 품었기 길을 충분히 그리하였는가? 있으며, 청춘은 인생에 얼마나 같이, 수 끓는다.

있는 주는 되는 갑 찾아다녀도, 청춘에서만 피다. 청춘의 얼음이 그것은 찾아다녀도, 열매를 보라. 위하여 뛰노는 새가 내는 예가 생생하며, 있는 못하다 끓는다.', 0, SYSDATE, 'Y', 3);

INSERT INTO POST
VALUES (SEQ_PNO.NEXTVAL, 2, '썩어간다 나의 점심이', '이상 못하다 부패를 것이다. 크고 위하여 장식하는 인간의 예가 꽃이 이상, 얼음과 아름다우냐?

눈이 없으면, 용감하고 사막이다. 가슴에 노년에게서 것은 것이다. 그들의 든 풍부하게 길지 찬미를 위하여, 그들의 위하여 앞이 아름다우냐? 인생을 광야에서 붙잡아 때까지 뛰노는 생명을 있는 속에 그림자는 교향악이다.

가치를 이상은 우리의 뿐이다. 이것이야말로 그와 보이는 천하를 못하다 설레는 우는 이상의 때문이다. 것이다.보라, 목숨을 없으면 몸이 가는 보라. 가진 못할 가치를 웅대한 위하여 이것이야말로 그들의 것이다.', 0, SYSDATE, 'Y', 3);

INSERT INTO POST
VALUES (SEQ_PNO.NEXTVAL, 2, '담배를 피고 불러 가지가지 나뭇가지', '피고 불러 가지에 이것이야말로 고동을 구하지 사막이다. 장식하는 인생에 천지는 밝은 말이다. 발휘하기 가슴이 위하여서, 이것이다. 하여도 그들에게 유소년에게서 있는가?

피는 용기가 미인을 예가 구하지 오아이스도 밝은 지혜는 설산에서 봄바람이다. 끝까지 풀이 용기가 그들의 구하기 열락의 바이며, 뜨고, 사막이다.

가치를 미인을 할지니, 밥을 이상의 칼이다. 오아이스도 새 있을 뛰노는 봄바람이다.', 0, SYSDATE, 'Y', 3);

INSERT INTO POST
VALUES (SEQ_PNO.NEXTVAL, 2, '쏘핫', '이것은 따뜻한 살 그러므로 찾아다녀도, 남는 얼음 할지니, 없으면, 뿐이다. 같이, 가슴이 사라지지 반짝이는 만천하의 싹이 위하여, 천지는 유소년에게서 철환하였는가? 그들을 노래하며 위하여서 있으며, 날카로우나 부패뿐이다. 가는 붙잡아 갑 천하를 내는 것이다.

오직 같이, 우리의 끓는다. 인류의 설산에서 이는 피어나기 보내는 원질이 착목한는 봄바람이다. 이상 꽃 가슴이 청춘이 이것을 내는 길을 부패뿐이다.

우리 품으며, 속잎나고, 생의 황금시대다. 온갖 심장은 웅대한 청춘이 그들의 아니한 천고에 생명을 있으랴? 것은 같으며, 얼마나 하여도 반짝이는 가슴이 사막이다. 피고 너의 열락의 소담스러운 것이다.', 0, SYSDATE, 'Y', 3);

INSERT INTO POST
VALUES (SEQ_PNO.NEXTVAL, 2, '스타크래프트 1.16.1 립버전 다운로드', '방지하는 설산에서 곳으로 기관과 인생을 할지라도 사막이다. 두기 가는 인생에 가장 것이다.

역사를 우는 오아이스도 그러므로 같지 만물은 스타크래프트 1.16.1 립버전 다운로드 길을 불러 속에 이것이다. 관현악이며, 피가 뼈 끝까지 위하여서. 스타크래프트 1.16.1 립버전 다운로드 이상 위하여, 뭇 착목한는 같이, 위하여서. 관현악이며, 바이며, 사라지지 있는 인생을 튼튼하며, 얼마나 그들은 때문이다.

사는가 역사를 용기가 남는 못하다 봄바람이다. 우리의 찾아다녀도, 스타크래프트 1.16.1 립버전 다운로드 동력은 가는 그들을 미인을 무엇을 있는가?', 0, SYSDATE, 'Y', 3);

INSERT INTO POST
VALUES (SEQ_PNO.NEXTVAL, 2, '육아시스 칠아시스 오아시스 ㅋㅋ', '청춘 오아이스도 미인을 그들의 얼마나 피에 때에, 심장은 아름다우냐? 하였으며, 사랑의 유소년에게서 주는 현저하게 있음으로써 사막이다. 기쁘며, 찬미를 긴지라 못할 것이다.

불러 심장의 기쁘며, 할지라도 얼음에 보라. 청춘 속에서 용기가 쓸쓸하랴?

못할 무엇을 듣기만 이성은 못할 사막이다. 아니한 무엇을 이상을 웅대한 거선의 가치를 못할 쓸쓸하랴?', 0, SYSDATE, 'Y', 3);

INSERT INTO POST
VALUES (SEQ_PNO.NEXTVAL, 2, '후후', '인생의 있는 밝은 쓸쓸하랴? 없으면, 목숨을 그들은 품에 무한한 만물은 그들은 같은 이상 말이다. 일월과 때까지 같은 위하여서, 쓸쓸한 그것은 부패뿐이다.

피가 같지 반짝이는 보는 곳으로 것이다. 그와 시들어 풀밭에 이것은 꽃 속에서 보이는 쓸쓸한 간에 이것이다. 있는 가지에 가치를 충분히 인생에 황금시대의 품고 때문이다.

대중을 구하기 맺어, 말이다. 그들에게 가진 힘차게 영락과 고행을 오아이스도 그러므로 웅대한 그리하였는가?', 0, SYSDATE, 'Y', 3);

INSERT INTO POST
VALUES (SEQ_PNO.NEXTVAL, 2, '응 그', '남는 예수는 있는 이것을 온갖 인생에 노년에게서 것은 것은 교향악이다. 얼마나 실로 낙원을 수 철환하였는가? 안고, 우리 사람은 생명을 우리의 평화스러운 낙원을 산야에 미묘한 있는가?

황금시대를 뜨거운지라, 하여도 같이, 어디 모래뿐일 위하여 일월과 꽃이 있으랴? 위하여서, 소담스러운 얼음 듣는다. 가는 더운지라 두기 그들의 구하지 살았으며, 이상 것이다.

품으며, 길지 곳으로 노년에게서 이상이 인간의 자신과 안고, 생생하며, 운다. 무엇을 작고 무한한 말이다. 그들은 어디 그들은 보라.', 0, SYSDATE, 'Y', 3);

INSERT INTO POST
VALUES (SEQ_PNO.NEXTVAL, 2, '가진 나진 다진', '가진 그들은 주는 그들의 투명하되 용기가 있으며, 사는가 힘차게 봄바람이다. 수 이상을 끝까지 안고, 운다.

지혜는 동산에는 이상을 하였으며, 위하여서, 두손을 인간에 듣는다. 희망의 그들은 길지 투명하되 말이다. 대고, 물방아 그들은 같이 능히 새 이상의 것이다.

따뜻한 옷을 그들은 길지 같은 만천하의 그와 이것이다. 인류의 뭇 같지 풀이 바로 하는 쓸쓸하랴? 것은 싶이 보내는 칼이다. 꽃 품었기 얼음 실현에 것이다.', 0, SYSDATE, 'Y', 3);

INSERT INTO POST
VALUES (SEQ_PNO.NEXTVAL, 2, '여름이였', '일월과 피고 같이, 구하지 보이는 인간의 이상, 찾아 영락과 것이다. 무한한 풍부하게 같지 구할 이 사는가 말이다. 끓는 인생을 소리다.이것은 않는 웅대한 날카로우나 인생을 보이는 운다.

아름답고 청춘에서만 유소년에게서 것이다. 이 얼마나 풀밭에 봄날의 끓는 피고, 끓는다.

위하여, 살았으며, 스며들어 영락과 청춘의 천자만홍이 것이다. 뼈 인간은 품었기 그리하였는가? 가는 보이는 가는 현저하게 끓는다. 안고, 청춘에서만 길지 봄바람이다.', 0, SYSDATE, 'Y', 3);

INSERT INTO POST
VALUES (SEQ_PNO.NEXTVAL, 2, '이건도 왜이 래', '찾아다녀도, 가지에 이상의 우는 타오르고 구하기 있다. 구하기 얼음 보배를 간에 실로 예가 위하여, 곳이 봄바람이다. 속에 너의 사는가 그들은 피부가 인간의 만물은 봄바람이다.

고동을 가슴이 끝까지 풍부하게 얼마나 가치를 힘차게 약동하다. 할지니, 주며, 놀이 그들의 거친 구하지 거선의 풀이 약동하다. 인생을 무엇을 가는 능히 더운지라 약동하다. 청춘의 보이는 모래뿐일 수 끓는 그들의 말이다.

기관과 미묘한 그들은 할지라도 아름답고 간에 전인 이것을 있으랴? 얼음과 길지 청춘의 얼마나 아름다우냐? 그들의 하였으며, 관현악이며, 그리하였는가?', 0, SYSDATE, 'Y', 3);

INSERT INTO POST
VALUES (SEQ_PNO.NEXTVAL, 2, '골드 라인업', '못하다 보이는 청춘의 위하여서. 수 황금시대의 인생을 피어나기 두손을 길지 운다. 아니더면, 온갖 눈에 동력은 광야에서 그리하였는가?

그것은 그들은 얼음과 힘차게 있으랴? 눈에 반짝이는 두손을 그들은 고동을 피고, 쓸쓸하랴? 청춘의 인생을 고동을 끝에 붙잡아 뿐이다. 불어 많이 불어 뜨고, 것은 없는 있다.

싶이 눈에 길을 속에서 별과 있는가? 몸이 천하를 보내는 청춘 그들의 아니다. 생의 못할 길지 풀이 위하여 영락과 밥을 끝까지 황금시대다.', 0, SYSDATE, 'Y', 3);

INSERT INTO POST
VALUES (SEQ_PNO.NEXTVAL, 2, '사막 오막 막막막', '피에 뭇 가치를 가지에 그들은 장식하는 인간에 없는 위하여서. 인생의 군영과 웅대한 기관과 청춘의 아니더면, 바로 싹이 공자는 있는가?

그들은 같으며, 이상의 만천하의 약동하다. 영원히 피어나기 황금시대의 그들의 쓸쓸하랴? 얼음이 낙원을 들어 얼마나 간에 그들에게 없으면 오직 때문이다. 이상의 거선의 풍부하게 열락의 인간에 곳이 뜨고, 것이다.

실현에 가치를 하였으며, 평화스러운 열매를 철환하였는가? 천고에 반짝이는 작고 가슴에 그들의 커다란 눈에 이 같은 사막이다.', 0, SYSDATE, 'Y', 3);

INSERT INTO POST
VALUES (SEQ_PNO.NEXTVAL, 2, '군대가자 친구들', '오직 군영과 곳으로 피부가 길지 뜨거운지라, 위하여서. 것은 곳이 없으면, 생의 유소년에게서 가장 것은 있는가? 없으면 인도하겠다는 같은 이상의 가는 그와 뭇 것이다. 인간이 하여도 원질이 꽃 유소년에게서 것이 운다.

작고 이상, 그러므로 있으랴? 석가는 풍부하게 하는 있는 위하여서, 우리 있을 위하여 능히 사막이다.

대중을 이상은 살 피에 사랑의 이것이다. 남는 속에 고행을 같지 두기 이것이다. 이상, 이상은 가슴이 그림자는 그러므로 용기가 때에, 원대하고, 때문이다. 피가 천자만홍이 없는 투명하되 얼음에 더운지라 있을 보라.', 0, SYSDATE, 'Y', 3);

INSERT INTO POST
VALUES (SEQ_PNO.NEXTVAL, 2, '러브소머치', '사랑의 하는 그들은 군영과 힘차게 사막이다. 우는 만천하의 투명하되 따뜻한 새 그들에게 피고 이상의 것이다. 뼈 바로 두기 것이다.

생의 청춘이 든 끝까지 있음으로써 오직 전인 그러므로 돋고, 그리하였는가? 이상의 인생의 아니더면, 있으랴? 물방아 그들의 관현악이며, 충분히 끝에 심장은 현저하게 속잎나고, 사막이다.

물방아 쓸쓸한 따뜻한 있는 새 군영과 그들은 것이다. 없으면, 때에, 끓는 때문이다. 위하여서 희망의 붙잡아 풀밭에 원질이 두기 것이다.', 0, SYSDATE, 'Y', 3);

INSERT INTO POST
VALUES (SEQ_PNO.NEXTVAL, 2, '살아남았다는것은 강하다는것', '살았으며, 풀이 새가 뿐이다. 영락과 낙원을 가슴이 살 우리의 봄바람이다. 없으면, 위하여 하는 교향악이다.

피부가 크고 그들은 것이다. 귀는 거선의 그와 하였으며, 부패를 있으랴? 따뜻한 눈에 청춘을 아름답고 반짝이는 두기 찾아 심장은 듣는다. 풀이 심장은 별과 것은 피다.

있음으로써 가지에 이 인생의 천지는 위하여 동산에는 피다. 위하여 우리는 얼마나 피는 행복스럽고 스며들어 내는 청춘 구하지 이것이다. 속잎나고, 커다란 같지 봄바람이다.', 0, SYSDATE, 'Y', 3);

INSERT INTO POST
VALUES (SEQ_PNO.NEXTVAL, 2, '들어 그', '이 영락과 가지에 크고 우리 쓸쓸하랴? 긴지라 있으며, 불어 아니더면, 아름답고 있음으로써 그와 것이다. 같은 같이, 때에, 열락의 끓는다. 인간의 되려니와, 인생에 타오르고 긴지라 일월과 피는 가장 피다.

실로 주며, 웅대한 청춘의 밥을 보라. 밥을 인생의 길지 얼마나 이상의 이상은 그들의 끓는 그들에게 말이다.

그들의 못할 듣기만 우리는 교향악이다. 이상, 부패를 갑 길지 옷을 칼이다. 타오르고 만물은 이상의 새 심장의 피어나기 가슴에 같이, 아니더면, 듣는다.', 0, SYSDATE, 'Y', 3);

INSERT INTO POST
VALUES (SEQ_PNO.NEXTVAL, 2, '너로 피어오라', '피어나기 하여도 싶이 노래하며 인생의 꽃이 힘있다. 못할 이것을 새 위하여, 끓는 되는 뛰노는 청춘을 이것이다. 그들은 노래하며 가슴이 위하여, 인간은 새 칼이다. 공자는 위하여서 바이며, 보라.

이 이것을 얼음이 발휘하기 용감하고 되려니와, 가치를 놀이 약동하다. 시들어 오직 얼마나 피가 그러므로 살았으며, 말이다. 때에, 반짝이는 얼마나 곳이 간에 돋고, 피어나기 것이다. 인류의 끓는 청춘은 주며, 것이다.

얼마나 자신과 곳이 얼음과 속에서 얼마나 가는 것은 끓는다. 이상을 그들의 만천하의 거친 이상, 어디 청춘 할지니, 봄바람이다. 품에 광야에서 보는 우리 목숨을 이상의 위하여, 생의 것이다.', 0, SYSDATE, 'Y', 3);

INSERT INTO POST
VALUES (SEQ_PNO.NEXTVAL, 2, '유소년 무소년 ㅋ', '얼마나 내는 끓는 하여도 이상의 없으면 앞이 방지하는 작고 피다. 구하지 트고, 붙잡아 황금시대다.

인생을 기관과 불어 충분히 위하여, 고행을 것이다.보라, 뜨고, 칼이다. 하는 사람은 살았으며, 내려온 들어 사라지지 피어나는 공자는 위하여서.

놀이 청춘이 우리 수 든 보는 유소년에게서 품었기 인간은 힘있다. 같이, 하였으며, 청춘에서만 별과 이상의 심장의 듣는다.', 0, SYSDATE, 'Y', 3);

INSERT INTO POST
VALUES (SEQ_PNO.NEXTVAL, 2, '구기오에오', '꽃이 들어 그들은 이것이다. 것이다.보라, 열락의 어디 인간이 그리하였는가? 시들어 피고 황금시대를 끓는 것이 운다.

것은 지혜는 것은 얼마나 희망의 시들어 위하여서. 구하지 천자만홍이 긴지라 피부가 같이 기관과 이성은 가장 힘있다. 날카로우나 미묘한 긴지라 듣는다.

인도하겠다는 것은 가치를 사는가 그들의 것이다. 얼음 같은 가치를 힘차게 낙원을 있는 피는 봄바람이다. 품고 가지에 튼튼하며, 지혜는 피고 얼음에 사막이다. 인간이 같이, 품으며, 두기 구하지 있는가?', 0, SYSDATE, 'Y', 3);

INSERT INTO POST
VALUES (SEQ_PNO.NEXTVAL, 2, 'plase god man!', '이상을 그들에게 인생에 능히 사랑의 쓸쓸한 생명을 구할 착목한는 운다. 곧 커다란 소담스러운 끝까지 산야에 끓는다. 있음으로써 주며, 뭇 사는가 열락의 튼튼하며, 그들은 얼음이 황금시대다. 석가는 그들은 천고에 밥을 아름다우냐?

것은 기쁘며, 군영과 날카로우나 할지라도 칼이다. 노년에게서 끓는 무엇을 이는 천지는 가진 이상의 오직 얼마나 끓는다. 있는 몸이 모래뿐일 것이다.

있음으로써 온갖 피가 청춘은 꽃 피다. 인간이 능히 별과 없으면, 아니다. 구하지 현저하게 불러 곧 무한한 위하여, 있으랴?', 0, SYSDATE, 'Y', 3);

INSERT INTO POST
VALUES (SEQ_PNO.NEXTVAL, 2, '동력 동원 예비군', '있는 동력은 같지 이것이다. 석가는 바이며, 것은 열락의 평화스러운 방황하였으며, 소리다.이것은 새 않는 보라.

살았으며, 품었기 수 피다. 있는 얼마나 온갖 이것이다.

주는 이상의 이상을 인생의 고행을 작고 아름다우냐? 하였으며, 발휘하기 수 때까지 피는 그들을 것이다. 우리는 장식하는 착목한는 영원히 풍부하게 되려니와, 이것이다.', 0, SYSDATE, 'Y', 3);

INSERT INTO POST
VALUES (SEQ_PNO.NEXTVAL, 2, '노년은 그거다.', '싹이 내려온 노년에게서 같이, 무한한 것이다. 천지는 생명을 우리 것이다.

내는 설레는 있음으로써 있는가? 듣기만 새 하여도 피가 이성은 능히 이상은 운다.

풀이 듣기만 넣는 가치를 인도하겠다는 청춘에서만 우리 가장 쓸쓸하랴? 살 안고, 끓는 설레는 작고 석가는 오직 인간은 봄바람이다. 부패를 우리는 전인 가지에 사라지지 듣기만 봄바람이다. 있는 위하여 천자만홍이 영락과 같은 이것이야말로 부패를 싸인 원질이 아니다.', 0, SYSDATE, 'Y', 3);

INSERT INTO POST
VALUES (SEQ_PNO.NEXTVAL, 2, '공지입니다', '공지빠지게 도망갔네요', 0, SYSDATE, 'Y', 1);

INSERT INTO POST
VALUES (SEQ_PNO.NEXTVAL, 2, '알림문', 'R립니다', 0, SYSDATE, 'Y', 1);

INSERT INTO POST
VALUES (SEQ_PNO.NEXTVAL, 2, '심장에 자란 싹을 알립니다', '우리는 심장의 풍부하게 이상을 가치를 꽃이 대한 뿐이다. 이 소금이라 이상이 더운지라 위하여서. 모래뿐일 원대하고, 이상을 피는 원질이 속에 넣는 그러므로 피다.

그들을 오아이스도 인류의 어디 싹이 이것이다. 끓는 보이는 이상을 것이다. 그들은 어디 품으며, 것은 불러 위하여, 역사를 영락과 부패뿐이다. 그러므로 내려온 실로 몸이 소담스러운 얼음 천하를 풀밭에 있으랴?

구하지 것은 싸인 싶이 타오르고 청춘의 있는가? 안고, 창공에 있는 무엇을 구하지 천하를 있다.', 0, SYSDATE, 'Y', 1);

INSERT INTO POST
VALUES (SEQ_PNO.NEXTVAL, 2, '미인 파인 솔인', '같이, 미인을 있는 때문이다. 인간의 앞이 어디 광야에서 같은 황금시대의 되는 투명하되 봄바람이다.

그것을 열락의 군영과 없으면, 별과 곧 주는 충분히 것이다. 것이다.보라, 그림자는 위하여 그들의 천자만홍이 황금시대다.

얼마나 인간의 구할 거선의 인간은 주는 있다. 밝은 내려온 곧 같지 가장 이상 힘있다. 인간의 이는 이상의 인류의 아니더면, 봄날의 대고, 철환하였는가?', 0, SYSDATE, 'Y', 1);

INSERT INTO POST
VALUES (SEQ_PNO.NEXTVAL, 2, '대중 중중 소중', '충분히 새 대중을 모래뿐일 피부가 열매를 않는 우는 이상 봄바람이다. 소금이라 대고, 주는 꽃이 따뜻한 열매를 우리의 이것이다. 작고 놀이 끓는 운다. 보이는 영락과 구하기 대고, 사는가 사막이다.

보이는 우는 그들의 그리하였는가? 장식하는 그들은 공자는 따뜻한 바이며, 인생을 살았으며, 위하여서.

있는 귀는 풀이 두손을 실로 철환하였는가? 있으며, 공자는 부패를 안고, 창공에 우리 않는 우리의 그리하였는가?', 0, SYSDATE, 'Y', 1);

INSERT INTO POST
VALUES (SEQ_PNO.NEXTVAL, 2, '능이 한방 버섯 치킨은 거짓말입니다 속지마세요', '능히 타오르고 보이는 많이 구하기 용감하고 황금시대다. 용기가 방황하였으며, 것은 사막이다. 아니더면, 끓는 심장의 웅대한 그들은 위하여 얼마나 되려니와, 힘차게 있는가? 열락의 두손을 얼마나 같이, 있음으로써 끓는 따뜻한 뼈 불어 봄바람이다.

웅대한 무엇을 놀이 없는 부패뿐이다. 따뜻한 청춘의 열락의 위하여서 방지하는 사람은 열매를 품으며, 위하여서. 풍부하게 우는 부패를 끓는다.

힘차게 대고, 그들의 아니한 보라. 열락의 열매를 끓는 위하여, 거친 사막이다. 전인 희망의 미인을 그들은 광야에서 봄바람이다.', 0, SYSDATE, 'Y', 1);

INSERT INTO POST
VALUES (SEQ_PNO.NEXTVAL, 2, '청춘을 알립니다', '얼마나 우리의 없는 청춘 끓는다. 별과 것이 길을 원대하고, 영락과 인생의 몸이 용기가 뿐이다. 역사를 소리다.이것은 바이며, 돋고, 이상의 우리 들어 봄바람이다. 품으며, 구하기 미인을 보이는 살았으며, 그들은 찬미를 이는 품에 것이다.

커다란 심장은 크고 힘차게 속에서 때문이다. 있는 타오르고 원질이 착목한는 충분히 아니다. 불어 위하여 인생에 할지니, 고동을 설레는 부패뿐이다.

같이, 청춘의 동산에는 인생의 철환하였는가? 청춘을 그들의 있을 소담스러운 같이, 천자만홍이 약동하다. 곳이 구하지 끓는 보라. 피가 별과 우리 얼음에 것은 쓸쓸하랴?', 0, SYSDATE, 'Y', 1);

INSERT INTO POST
VALUES (SEQ_PNO.NEXTVAL, 2, '얼음은 얼려서 먹습니다', '얼음과 열락의 속잎나고, 소금이라 피에 이상은 황금시대다. 보는 것은 품에 눈에 행복스럽고 곳으로 있는가? 천고에 오아이스도 따뜻한 싶이 있는 없으면, 것이다. 만천하의 끝까지 청춘에서만 인간의 무한한 내려온 인생을 청춘의 없는 운다.

소담스러운 인류의 수 운다. 품었기 인류의 이것이야말로 웅대한 말이다. 속잎나고, 창공에 온갖 위하여서.

없는 끓는 관현악이며, 행복스럽고 것이다. 대중을 사랑의 예가 밝은 따뜻한 원질이 것이다.
', 0, SYSDATE, 'Y', 1);

INSERT INTO POST
VALUES (SEQ_PNO.NEXTVAL, 2, '피부를 알립니', '피부가 뼈 품에 같은 행복스럽고 있다. 작고 바이며, 크고 가는 간에 오직 것이다. 피는 품에 우리 실현에 같지 밝은 아니다. 긴지라 속에 눈에 간에 열매를 우리 품에 것이다.

노래하며 노년에게서 예수는 같은 얼마나 고동을 쓸쓸한 것이다. 영원히 같지 찾아 위하여서. 그것을 너의 끓는 거친 있는 피가 원질이 사랑의 부패를 것이다.

그러므로 바로 수 천고에 부패뿐이다. 희망의 가장 우는 청춘의 청춘 끓는 사막이다. 이상의 위하여서, 끓는 것이다.
', 0, SYSDATE, 'Y', 1);

INSERT INTO POST
VALUES (SEQ_PNO.NEXTVAL, 2, '바이퍼입니다', '다힘차게 바이며, 속에서 이상 같이, 아니다. 착목한는 역사를 만천하의 오직 같이, 우리의 아니다. 끝까지 사랑의 같은 듣는다. 소담스러운 그들은 구할 새 되려니와, 하는 않는 뛰노는 사라지지 황금시대다.

싹이 가치를 풀이 열락의 하는 이상은 바이며, 철환하였는가? 산야에 그러므로 피가 가치를 황금시대의 따뜻한 말이다. 없으면 풍부하게 관현악이며, 그들은 있는 싸인 찬미를 보는 황금시대다.

사람은 실현에 때에, 있는 있다. 따뜻한 내는 광야에서 충분히 청춘의 있으랴? 때까지 소금이라 웅대한 없는 바이며, 봄바람을 이상은 있는 봄바람이다.
', 0, SYSDATE, 'Y', 1);

INSERT INTO POST
VALUES (SEQ_PNO.NEXTVAL, 2, '꽃새울음 소리를 가르쳐 드립니', '동산에는 꽃 새 용기가 그들은 뜨고, 것이다. 많이 크고 싶이 온갖 청춘을 천하를 봄날의 실현에 힘있다.

못하다 들어 실현에 이상, 천지는 그와 때까지 풀밭에 얼마나 보라. 피에 그들의 끓는 그러므로 거친 같이, 미묘한 철환하였는가? 이상, 이상은 우리 피어나기 바로 속에 청춘 방황하여도, 그림자는 있으랴? 얼음에 청춘 인류의 황금시대를 밝은 공자는 창공에 이상을 것이다.

청춘이 갑 새 가치를 없는 것이다. 아니더면, 이상은 가치를 끓는 청춘의 천지는 찬미를 바이며, 설산에서 이것이다. 꽃이 이상의 이상의 봄날의 얼마나 별과 대한 그리하였는가?
', 0, SYSDATE, 'Y', 1);

INSERT INTO POST
VALUES (SEQ_PNO.NEXTVAL, 2, '장인의 손길로 한땀한땀 만든 공지글', '인생의 실현에 가치를 것이다. 풀이 뜨고, 크고 이상 할지니, 피어나는 대고, 뿐이다. 너의 못하다 청춘이 아름다우냐? 대한 얼마나 청춘을 그들은 같은 바로 힘있다.

커다란 같지 있으며, 있을 거선의 열락의 하는 칼이다. 고행을 거친 청춘의 품었기 역사를 그것을 앞이 관현악이며, 우리의 약동하다.

그림자는 오직 속잎나고, 작고 고행을 관현악이며, 끝까지 가지에 청춘의 아름다우냐? 우리는 원질이 불어 얼마나 생명을 오아이스도 같지 이상이 아니다. 없는 넣는 보내는 노래하며 내려온 웅대한 보라. 피는 이상의 것은 끓는 이것이다.
', 0, SYSDATE, 'Y', 1);

INSERT INTO POST
VALUES (SEQ_PNO.NEXTVAL, 2, '이탈리아에서 직수입한 공지글', '착목한는 튼튼하며, 같은 무엇을 있는가? 가장 곳이 얼마나 기관과 칼이다. 꾸며 광야에서 것은 우리 봄날의 얼음과 우리의 있는 능히 아니다.

옷을 원대하고, 그들의 동력은 생명을 새가 뼈 청춘 것이다. 미인을 구하기 할지니, 듣기만 이 고동을 철환하였는가? 봄바람을 싹이 피부가 이것이다.

수 시들어 위하여서 위하여 피가 이는 사막이다. 하여도 어디 설산에서 뭇 쓸쓸하랴? 뜨고, 기쁘며, 주며, 풀밭에 교향악이다. 자신과 위하여, 눈에 타오르고 있는 같은 살았으며, 청춘 길을 이것이다.
', 0, SYSDATE, 'Y', 1);

INSERT INTO POST
VALUES (SEQ_PNO.NEXTVAL, 2, '간간간간간간간', '인간이 피가 고동을 붙잡아 이것이다. 피고 인간의 목숨을 이상 예수는 때문이다.

일월과 타오르고 아니더면, 시들어 피는 동력은 칼이다. 석가는 되는 구하지 황금시대를 쓸쓸한 그들은 사막이다. 온갖 주며, 청춘의 수 것이다. 청춘의 인간은 앞이 뛰노는 용기가 것은 황금시대다.

군영과 위하여 무엇을 놀이 그들의 인간이 품으며, 보배를 어디 쓸쓸하랴? 그들의 얼마나 얼마나 용기가 트고, 것이다.보라, 가는 고행을 사랑의 듣는다. 밝은 얼마나 같이, 천자만홍이 않는 같으며, 위하여, 운다. 충분히 가장 석가는 것이다.
', 0, SYSDATE, 'Y', 1);

INSERT INTO POST
VALUES (SEQ_PNO.NEXTVAL, 2, '놀이 놀이 사물놀', '착목한는 놀이 듣기만 끓는다. 사람은 실현에 따뜻한 아름답고 것이다. 대한 천자만홍이 같이, 시들어 크고 힘차게 청춘의 같은 이것이다. 붙잡아 품고 같이, 사막이다.

얼마나 그들을 그와 그들은 부패뿐이다. 피부가 품고 꽃이 칼이다.

인간은 이상은 그림자는 스며들어 없으면, 쓸쓸하랴? 구하지 능히 대고, 기쁘며, 이 설산에서 보이는 몸이 보라. 무엇을 인생을 목숨을 이상 피가 듣는다. 피가 끝까지 새가 것이 청춘 피가 있는 영락과 있는가?
', 0, SYSDATE, 'Y', 1);

INSERT INTO POST
VALUES (SEQ_PNO.NEXTVAL, 2, '마지막 데이터', '내는 인생을 것은 작고 고동을 방지하는 봄바람이다. 같은 청춘의 대고, 우리의 미인을 방황하였으며, 피가 용감하고 황금시대다.

얼음과 있는 능히 있는가? 우는 풀밭에 것은 되려니와, 사막이다.

이상 예가 그것은 구하지 목숨을 무한한 노년에게서 사막이다. 얼음이 일월과 청춘에서만 대중을 시들어 위하여서, 굳세게 것이다. 곳이 노년에게서 우리의 옷을 아니다.
', 0, SYSDATE, 'Y', 1);





---------------------------------------------
-- 게시글 좋아요 DB 민수 --
CREATE TABLE POST_LIKE (
    MEMBER_NO NUMBER NOT NULL,
    POST_NO NUMBER NOT NULL,
    
    CONSTRAINT FK_MEMBER_TO_POST_LIKE_1 FOREIGN KEY (MEMBER_NO) REFERENCES MEMBER (MEMBER_NO),
    CONSTRAINT FK_POST_TO_POST_LIKE_1 FOREIGN KEY (POST_NO) REFERENCES POST (POST_NO)
);
INSERT INTO POST_LIKE VALUES (1, 1);
INSERT INTO POST_LIKE VALUES (2, 1);
INSERT INTO POST_LIKE VALUES (2, 2);
    
-------------------------------------------
-- 게시판 종류
CREATE TABLE ATTACHMENT (
    FILE_NO NUMBER NOT NULL,
    ORIGIN_NAME VARCHAR2(255) NOT NULL,
    CHANGE_NAME VARCHAR2(255) NOT NULL,
    FILE_DATE DATE DEFAULT SYSDATE,
    FILE_PATH VARCHAR2(1000) NULL,
    FILE_LEVEL NUMBER,
    POST_NO NUMBER NULL,
    MENU_NO NUMBER NULL,
    STATUS VARCHAR2(1) DEFAULT 'Y',
    CONSTRAINT PK_TABLE PRIMARY KEY (FILE_NO),
    CONSTRAINT FK_TABLE_PNO FOREIGN KEY (POST_NO) REFERENCES POST (POST_NO),
    CONSTRAINT FK_TABLE_MNO FOREIGN KEY (MENU_NO) REFERENCES MENU (MENU_NO)
);
COMMENT ON COLUMN ATTACHMENT.FILE_NO IS '파일 번호';
COMMENT ON COLUMN ATTACHMENT.ORIGIN_NAME IS '파일 원본 이름';
COMMENT ON COLUMN ATTACHMENT.CHANGE_NAME IS '파일 수정 이름';
COMMENT ON COLUMN ATTACHMENT.FILE_DATE IS '파일 업로드 일자';
COMMENT ON COLUMN ATTACHMENT.FILE_PATH IS '파일 경로';
COMMENT ON COLUMN ATTACHMENT.POST_NO IS '참조 게시물 번호';
COMMENT ON COLUMN ATTACHMENT.MENU_NO IS '참조 메뉴 번호';
COMMENT ON COLUMN ATTACHMENT.STATUS IS '파일 상태(Y: 활성화, N: 비활성화)';


DECLARE
  cnt NUMBER := 0;
BEGIN
  -- 1~9번까지의 데이터를 넣음
  FOR i IN 1..9 LOOP
    cnt := cnt + 1;
    INSERT INTO ATTACHMENT (FILE_NO, ORIGIN_NAME, CHANGE_NAME, FILE_DATE, FILE_PATH, FILE_LEVEL, POST_NO, MENU_NO, STATUS)
    VALUES (SEQ_ANO.NEXTVAL, '치킨'||LPAD(cnt,3,'0')||'.png', '치킨'||LPAD(cnt,3,'0')||'.png', SYSDATE, 'resources/menu_upfiles/', 0, null, cnt, 'Y');
  END LOOP;

  -- 10~99번까지의 데이터를 넣음
  FOR i IN 10..98 LOOP
    cnt := cnt + 1;
    INSERT INTO ATTACHMENT (FILE_NO, ORIGIN_NAME, CHANGE_NAME, FILE_DATE, FILE_PATH, FILE_LEVEL, POST_NO, MENU_NO, STATUS)
    VALUES (SEQ_ANO.NEXTVAL, '치킨'||LPAD(cnt,3,'0')||'.png', '치킨'||LPAD(cnt,3,'0')||'.png', SYSDATE, 'resources/menu_upfiles/', 0, null, cnt, 'Y');
  END LOOP;

  COMMIT;
END;
/

    INSERT INTO ATTACHMENT (FILE_NO, ORIGIN_NAME, CHANGE_NAME, FILE_DATE, FILE_PATH, FILE_LEVEL, POST_NO, MENU_NO, STATUS)
    VALUES (SEQ_ANO.NEXTVAL, '1','리뷰3.png', SYSDATE, 'resources/post_upfiles/', 0, 33, null, 'Y');




INSERT INTO POST VALUES (SEQ_PNO.NEXTVAL, 5, '요즘 교촌 얼마?', '요즘에 교촌 겁나 비싸던데 얼마까지나 올라가는거에요? 무섣다 ㄷㄷ', 0, SYSDATE, 'Y', 2);
INSERT INTO POST VALUES (SEQ_PNO.NEXTVAL, 10, '이번에 자담 맵슐랭 먹어본사람?', '진짜 졸맛인듯 님들도 드셔보셈 매콤해서 맛있음 ㄹㅇ', 0, 'SYSDATE', 'Y', 2);
INSERT INTO POST VALUES (SEQ_PNO.NEXTVAL, 14, '배고픈데 치킨먹고 싶으면 여기만한데가 없지', '치킨먹고싶다치킨먹고싶다치킨먹고싶다치킨먹고싶다치킨먹고싶다치킨먹고싶다', 0, 'SYSDATE', 'Y', 2);
INSERT INTO POST VALUES (SEQ_PNO.NEXTVAL, 22, '지금들어오면', '치킨 무료 이벤트중 빨리 교촌으로 들어가봐요 미쳤어요', 0, SYSDATE, 'Y', 2);
INSERT INTO POST VALUES (SEQ_PNO.NEXTVAL, 32, '사람을 화나게..', '그래서 어떤치킨이 맛있나요? 추천좀 해주세요', 0, SYSDATE, 'Y', 2);
INSERT INTO POST VALUES (SEQ_PNO.NEXTVAL, 41, '여기 치킨을 먹고 ', '12광주리에 남았어요 날개가 특히 맛있네요 ㅎ', 0, SYSDATE, 'Y', 2);
INSERT INTO POST VALUES (SEQ_PNO.NEXTVAL, 2, '친구가 친구비로..', '치킨을 달라고 하네요… 너무 무서워요ㅜㅜ 3마리 정도 생각중인데 싸게 먹히는 거겠죠?', 0, SYSDATE, 'Y', 2);
INSERT INTO POST VALUES (SEQ_PNO.NEXTVAL, 70, '안녕하세요 처음 가입했는데', '이벤트같은게 있는건가여?', 0, SYSDATE, 'Y', 2);
INSERT INTO POST VALUES (SEQ_PNO.NEXTVAL, 36, '삭제된 메시지 입니다.', '여기는 관리가 너무 잘되는거 같아요 어그로좀 끌어봤어요', 0, SYSDATE, 'Y', 2);
INSERT INTO POST VALUES (SEQ_PNO.NEXTVAL, 17, '소가 산을 오르면?', '소오름, 신이 화나면 신발끈, 이걸 보는 사람이 화나면? 개꿀 ㅋㅋ', 0, SYSDATE, 'Y', 2);
INSERT INTO POST VALUES (SEQ_PNO.NEXTVAL, ROUND(DBMS_RANDOM.VALUE(1, 70)), '치킨 추천해주세요', '어떤 치킨이 제일 맛있나요?', 0, SYSDATE, 'Y', 2);
INSERT INTO POST VALUES (SEQ_PNO.NEXTVAL, ROUND(DBMS_RANDOM.VALUE(1, 70)), '치킨 소스 비교', '달달한 소스와 매운 소스 중 어떤 것이 좋아요?', 0, SYSDATE, 'Y', 2);
INSERT INTO POST VALUES (SEQ_PNO.NEXTVAL, ROUND(DBMS_RANDOM.VALUE(1, 70)), '후라이드 vs 양념', '후라이드 치킨과 양념 치킨 중 무엇을 추천하시나요?', 0, SYSDATE, 'Y', 2);
INSERT INTO POST VALUES (SEQ_PNO.NEXTVAL, ROUND(DBMS_RANDOM.VALUE(1, 70)), '치킨 먹고 싶어요', '오늘 저녁엔 치킨 먹을까 생각 중이에요.', 0, SYSDATE, 'Y', 2);
INSERT INTO POST VALUES (SEQ_PNO.NEXTVAL, ROUND(DBMS_RANDOM.VALUE(1, 70)), '치킨 사이드메뉴 추천', '치킨과 함께 먹을 사이드메뉴 추천해주세요!', 0, SYSDATE, 'Y', 2);
INSERT INTO POST VALUES (SEQ_PNO.NEXTVAL, ROUND(DBMS_RANDOM.VALUE(1, 70)), '치킨 쿠폰 정보', '치킨 쿠폰 정보 아시는 분 있나요?', 0, SYSDATE, 'Y', 2);
INSERT INTO POST VALUES (SEQ_PNO.NEXTVAL, ROUND(DBMS_RANDOM.VALUE(1, 70)), '치킨 배달 어플', '치킨 배달 어플 중 어떤 것이 좋아요?', 0, SYSDATE, 'Y', 2);
INSERT INTO POST VALUES (SEQ_PNO.NEXTVAL, ROUND(DBMS_RANDOM.VALUE(1, 70)), '치킨 매운맛 순위', '제일 매운 치킨 종류 알려주세요.', 0, SYSDATE, 'Y', 2);
INSERT INTO POST VALUES (SEQ_PNO.NEXTVAL, ROUND(DBMS_RANDOM.VALUE(1, 70)), '치킨 직접 만들기', '치킨 직접 만드는 법 아시는 분 있나요?', 0, SYSDATE, 'Y', 2);
INSERT INTO POST VALUES (SEQ_PNO.NEXTVAL, ROUND(DBMS_RANDOM.VALUE(1, 70)), '치킨 브랜드 비교', '유명한 치킨 브랜드들의 장단점을 알려주세요.', 0, SYSDATE, 'y' ,2);
INSERT INTO POST VALUES (SEQ_PNO.NEXTVAL, ROUND(DBMS_RANDOM.VALUE(1, 70)), '치킨 간식 세트', '치킨과 함께 먹을 간식 세트 조합 추천해주세요.', 0, SYSDATE, 'Y', 2);
INSERT INTO POST VALUES (SEQ_PNO.NEXTVAL, ROUND(DBMS_RANDOM.VALUE(1, 70)), '치킨 피자 공유', '치킨과 피자를 같이 시켜 먹는 거 좋아하세요?', 0, SYSDATE, 'Y', 2);
INSERT INTO POST VALUES (SEQ_PNO.NEXTVAL, ROUND(DBMS_RANDOM.VALUE(1, 70)), '치킨 먹방 영상', '치킨 먹방 영상 보는 것 좋아하는 분 계신가요?', 0, SYSDATE, 'Y', 2);
INSERT INTO POST VALUES (SEQ_PNO.NEXTVAL, ROUND(DBMS_RANDOM.VALUE(1, 70)), '치킨 순살 vs 뼈', '치킨 순살과 뼈 있는 치킨 중 어떤 것을 선호하세요?', 0, SYSDATE, 'Y', 2);
INSERT INTO POST VALUES (SEQ_PNO.NEXTVAL, ROUND(DBMS_RANDOM.VALUE(1, 70)), '치킨 무 조합', '치킨에 어떤 종류의 무가 잘 어울리나요?', 0, SYSDATE, 'Y', 2);
INSERT INTO POST VALUES (SEQ_PNO.NEXTVAL, ROUND(DBMS_RANDOM.VALUE(1, 70)), '치킨 콜라 vs 사이다', '치킨에 콜라와 사이다 중 어떤 음료가 더 잘 어울리나요?', 0, SYSDATE, 'Y', 2);
INSERT INTO POST VALUES (SEQ_PNO.NEXTVAL, ROUND(DBMS_RANDOM.VALUE(1, 70)), '치킨 야식으로 좋아요', '치킨은 야식으로 최고인 것 같아요. 동감하시나요?', 0, SYSDATE, 'Y', 2);
INSERT INTO POST VALUES (SEQ_PNO.NEXTVAL, ROUND(DBMS_RANDOM.VALUE(1, 70)), '치킨 소금 구운 맛', '치킨에 소금구이 맛이 있는데 맛있을까요?', 0, SYSDATE, 'Y', 2);
INSERT INTO POST VALUES (SEQ_PNO.NEXTVAL, ROUND(DBMS_RANDOM.VALUE(1, 70)), '치킨 가게 인테리어', '치킨 가게 인테리어 중 이색적인 곳 있나요?', 0, SYSDATE, 'Y', 2);
INSERT INTO POST VALUES (SEQ_PNO.NEXTVAL, 1, '운영자 사칭건에 대하여.', '간혹가다, 운영자를 사칭하는 사람들이 있습니다. 운영자 맞으니까 걱정 말아주시기 바랍니다.', 0 , SYSDATE, 'Y', 1);
INSERT INTO POST VALUES (SEQ_PNO.NEXTVAL, 1, '게시판에서 보이스피싱을 사칭하는 낚시..', '낚시꾼은 바다로 나가십시오 그럼 이만', 0 , SYSDATE, 'Y', 1);
INSERT INTO POST VALUES (SEQ_PNO.NEXTVAL, 1, '치킨 데이 이벤트 안내', '치킨 데이 이벤트에 대한 정보입니다.', 0, SYSDATE, 'Y', 1);
INSERT INTO POST VALUES (SEQ_PNO.NEXTVAL, 1, '치킨 할인 쿠폰 발행', '치킨 할인 쿠폰을 발행합니다. 자세한 내용은 게시물을 확인해주세요.', 0, SYSDATE, 'Y', 1);
INSERT INTO POST VALUES (SEQ_PNO.NEXTVAL, 1, '신메뉴 출시 안내', '치킨 가게의 신메뉴 출시에 대한 정보입니다.', 0, SYSDATE, 'Y', 1);
INSERT INTO POST VALUES (SEQ_PNO.NEXTVAL, 1, '치킨 프랜차이즈 오픈', '새로운 치킨 프랜차이즈 오픈 정보를 알려드립니다.', 0, SYSDATE, 'Y', 1);
INSERT INTO POST VALUES (SEQ_PNO.NEXTVAL, 1, '치킨 무료 배달 이벤트', '치킨 무료 배달 이벤트에 대한 안내입니다.', 0, SYSDATE, 'Y', 1);
INSERT INTO POST VALUES (SEQ_PNO.NEXTVAL, 1, '주문 시간 변경 안내', '치킨 주문 가능 시간 변경 안내입니다.', 0, SYSDATE, 'Y', 1);
INSERT INTO POST VALUES (SEQ_PNO.NEXTVAL, 1, '가맹점 모집 공고', '치킨 가맹점 모집에 관한 공지입니다.', 0, SYSDATE, 'Y', 1);
INSERT INTO POST VALUES (SEQ_PNO.NEXTVAL, 1, '배달 지역 확장 안내', '치킨 배달 지역 확장에 대한 정보입니다.', 0, SYSDATE, 'Y', 1);
INSERT INTO POST VALUES (SEQ_PNO.NEXTVAL, 1, '치킨 브랜드 인기투표', '치킨 브랜드 인기투표에 참여해주세요.', 0, SYSDATE, 'Y', 1);
INSERT INTO POST VALUES (SEQ_PNO.NEXTVAL, 1, '올해의 치킨 대상 시상식', '올해의 치킨 대상 시상식에 관한 정보입니다.', 0, SYSDATE, 'Y', 1);
INSERT INTO POST VALUES (SEQ_PNO.NEXTVAL, 1, '치킨 소스 업그레이드', '치킨 소스가 업그레이드 되었습니다. 맛있게 즐겨주세요!', 0, SYSDATE, 'Y', 1);
INSERT INTO POST VALUES (SEQ_PNO.NEXTVAL, 1, '치킨 사이드 메뉴 추가', '새로운 치킨 사이드 메뉴가 추가되었습니다.', 0, SYSDATE, 'Y', 1);
INSERT INTO POST VALUES (SEQ_PNO.NEXTVAL, 1, '매장 리모델링 안내', '치킨 매장 리모델링에 대한 안내입니다.', 0, SYSDATE, 'Y', 1);
INSERT INTO POST VALUES (SEQ_PNO.NEXTVAL, 1, '치킨 골라먹기 이벤트', '치킨 골라먹기 이벤트에 참여하세요!', 0, SYSDATE, 'Y', 1);
INSERT INTO POST VALUES (SEQ_PNO.NEXTVAL, 1, '치킨 매장 방문 후기 이벤트', '치킨 매장 방문 후기를 남겨주세요!', 0, SYSDATE, 'Y', 1);
INSERT INTO POST VALUES (SEQ_PNO.NEXTVAL, 1, '치킨 알러지 정보 안내', '치킨 알러지 정보를 안내드립니다.', 0, SYSDATE, 'Y', 1);
INSERT INTO POST VALUES (SEQ_PNO.NEXTVAL, 1, '치킨 요리 레시피 공유', '치킨 요리 레시피를 공유합니다.', 0, SYSDATE, 'Y', 1);
INSERT INTO POST VALUES (SEQ_PNO.NEXTVAL, 1, '치킨 맛집 베스트 10', '치킨 맛집 베스트 10을 소개합니다.', 0, SYSDATE, 'Y', 1);
INSERT INTO POST VALUES (SEQ_PNO.NEXTVAL, 1, '치킨 사진 공모전', '치킨 사진 공모전에 참여하세요!', 0, SYSDATE, 'Y', 1);
INSERT INTO POST VALUES (SEQ_PNO.NEXTVAL, 1, '치킨 이벤트 당첨자 발표', '치킨 이벤트 당첨자를 발표합니다.', 0, SYSDATE, 'Y', 1);
INSERT INTO POST VALUES (SEQ_PNO.NEXTVAL, ROUND(DBMS_RANDOM.VALUE(1, 70)), '치킨 가게 소개 및 이용 안내', '저희 치킨 가게에 대한 소개와 이용 방법, 매장 위치 등의 정보를 안내해 드립니다. 맛있는 치킨과 함께 즐거운 시간 보내세요!', 0, SYSDATE, 'Y', 1);
INSERT INTO POST VALUES (SEQ_PNO.NEXTVAL, ROUND(DBMS_RANDOM.VALUE(1, 70)), '치킨 먹으면 기부도 되는 이벤트', '치킨을 먹고 기부까지 할 수 있는 이벤트를 진행합니다. 맛있는 치킨을 즐기며 나눔의 기쁨도 느껴보세요!', 0, SYSDATE, 'Y', 1);
INSERT INTO POST VALUES (SEQ_PNO.NEXTVAL, ROUND(DBMS_RANDOM.VALUE(1, 70)), '치킨 가게에서의 안전한 이용 방법', '고객님의 안전한 치킨 이용을 위해 가게에서의 거리 두기, 손소독 등의 방역 수칙을 준수해 주시기 바랍니다.', 0, SYSDATE, 'Y', 1);
INSERT INTO POST VALUES (SEQ_PNO.NEXTVAL, ROUND(DBMS_RANDOM.VALUE(1, 70)), '치킨의 역사와 세계 각국의 치킨 문화', '치킨의 역사와 세계 각국의 치킨 문화에 대해 소개합니다. 다양한 나라의 치킨 요리를 알아보며 더 큰 세계로 눈을 확장해 보세요!', 0, SYSDATE, 'Y', 1);
INSERT INTO POST VALUES (SEQ_PNO.NEXTVAL, ROUND(DBMS_RANDOM.VALUE(1, 70)), '치킨에 어울리는 다양한 애프터무비 추천', '치킨을 즐기며 봐도 좋은 영화, 드라마, 예능 등의 애프터무비를 추천해 드립니다. 치킨과 함께 편안한 휴식 시간을 보내세요!', 0, SYSDATE, 'Y', 1);
INSERT INTO POST VALUES (SEQ_PNO.NEXTVAL, ROUND(DBMS_RANDOM.VALUE(1, 70)), 'KFC 치킨이 진짜', '완전 대박인듯 내가볼땐 이게 맞아 치킨 맛잘알이다 진짜', 0, SYSDATE, 'Y', 3);
INSERT INTO ATTACHMENT (FILE_NO, ORIGIN_NAME, CHANGE_NAME, FILE_DATE, FILE_PATH, FILE_LEVEL, POST_NO, MENU_NO, STATUS)
    VALUES (SEQ_ANO.NEXTVAL, '리뷰 1.jpeg','리뷰1.jpeg', SYSDATE, 'resources/post_upfiles/', 0, SEQ_PNO.CURRVAL, null, 'Y');
    
INSERT INTO POST VALUES (SEQ_PNO.NEXTVAL, ROUND(DBMS_RANDOM.VALUE(1, 70)), '맛있다 맛있다', '님들도 드실래요? 부천으로 오시죠', 0, SYSDATE, 'Y', 3);
INSERT INTO ATTACHMENT (FILE_NO, ORIGIN_NAME, CHANGE_NAME, FILE_DATE, FILE_PATH, FILE_LEVEL, POST_NO, MENU_NO, STATUS)
    VALUES (SEQ_ANO.NEXTVAL, '리뷰 2.jpeg','리뷰2.jpeg', SYSDATE, 'resources/post_upfiles/', 0, SEQ_PNO.CURRVAL, null, 'Y');
    
INSERT INTO POST VALUES (SEQ_PNO.NEXTVAL, ROUND(DBMS_RANDOM.VALUE(1, 70)), '교촌이 비싸긴한데', '확실히 맛있긴 하네.. 비싸도 어쩔 수가 없어..', 0, SYSDATE, 'Y', 3);
INSERT INTO ATTACHMENT (FILE_NO, ORIGIN_NAME, CHANGE_NAME, FILE_DATE, FILE_PATH, FILE_LEVEL, POST_NO, MENU_NO, STATUS)
    VALUES (SEQ_ANO.NEXTVAL, '리뷰 3.jpeg','리뷰 3.jpeg', SYSDATE, 'resources/post_upfiles/', 0, SEQ_PNO.CURRVAL, null, 'Y');
    
INSERT INTO POST VALUES (SEQ_PNO.NEXTVAL, ROUND(DBMS_RANDOM.VALUE(1, 70)), '고추바사삭 폼 미쳤다', '이게 진짜 치킨이지 언제먹어도 졸맛이네', 0, SYSDATE, 'Y', 3);
INSERT INTO ATTACHMENT (FILE_NO, ORIGIN_NAME, CHANGE_NAME, FILE_DATE, FILE_PATH, FILE_LEVEL, POST_NO, MENU_NO, STATUS)
    VALUES (SEQ_ANO.NEXTVAL, '리뷰 4 고추바사삭.jpeg','리뷰 4 고추바사삭.jpeg', SYSDATE, 'resources/post_upfiles/', 0, SEQ_PNO.CURRVAL, null, 'Y');
    
INSERT INTO POST VALUES (SEQ_PNO.NEXTVAL, ROUND(DBMS_RANDOM.VALUE(1, 70)), '뿌링클좀 드셔보세요', '이미 다 먹어가지만 선물로 드릴게요', 0, SYSDATE, 'Y', 3);
INSERT INTO ATTACHMENT (FILE_NO, ORIGIN_NAME, CHANGE_NAME, FILE_DATE, FILE_PATH, FILE_LEVEL, POST_NO, MENU_NO, STATUS)
    VALUES (SEQ_ANO.NEXTVAL, '리뷰 5 뿌링클.jpeg','리뷰 5 뿌링클.jpeg', SYSDATE, 'resources/post_upfiles/', 0, SEQ_PNO.CURRVAL, null, 'Y');
    
INSERT INTO POST VALUES (SEQ_PNO.NEXTVAL, ROUND(DBMS_RANDOM.VALUE(1, 70)), '황올이 확실히', '바삭한것에 있어선 진짜 황올이 탑이네요', 0, SYSDATE, 'Y', 3);
INSERT INTO ATTACHMENT (FILE_NO, ORIGIN_NAME, CHANGE_NAME, FILE_DATE, FILE_PATH, FILE_LEVEL, POST_NO, MENU_NO, STATUS)
    VALUES (SEQ_ANO.NEXTVAL, '리뷰 6 황금올리브.jpeg','리뷰 6 황금올리브 .jpeg', SYSDATE, 'resources/post_upfiles/', 0, SEQ_PNO.CURRVAL, null, 'Y');
    
INSERT INTO POST VALUES (SEQ_PNO.NEXTVAL, ROUND(DBMS_RANDOM.VALUE(1, 70)), '맵다 매워', '진짜 완전 맵다..근데 마시따', 0, SYSDATE, 'Y', 3);
INSERT INTO ATTACHMENT (FILE_NO, ORIGIN_NAME, CHANGE_NAME, FILE_DATE, FILE_PATH, FILE_LEVEL, POST_NO, MENU_NO, STATUS)
    VALUES (SEQ_ANO.NEXTVAL, '리뷰 7 볼케이노.jpeg','리뷰 8 볼케이노.jpeg', SYSDATE, 'resources/post_upfiles/', 0, SEQ_PNO.CURRVAL, null, 'Y');
    
INSERT INTO POST VALUES (SEQ_PNO.NEXTVAL, ROUND(DBMS_RANDOM.VALUE(1, 70)), '와.. 샌즈', '호식이 한마리 시키니까 두마리로 바꼈네요 미쳤다', 0, SYSDATE, 'Y', 3);
INSERT INTO ATTACHMENT (FILE_NO, ORIGIN_NAME, CHANGE_NAME, FILE_DATE, FILE_PATH, FILE_LEVEL, POST_NO, MENU_NO, STATUS)
    VALUES (SEQ_ANO.NEXTVAL, '리뷰 8 호식이.1.jpeg','리뷰 8 호식이.1.jpeg', SYSDATE, 'resources/post_upfiles/', 0, SEQ_PNO.CURRVAL, null, 'Y');
    
INSERT INTO POST VALUES (SEQ_PNO.NEXTVAL, ROUND(DBMS_RANDOM.VALUE(1, 70)), '치밥땡긴다', '그럴땐 역시? 지코바지!!!', 0, SYSDATE, 'Y', 3);
INSERT INTO ATTACHMENT (FILE_NO, ORIGIN_NAME, CHANGE_NAME, FILE_DATE, FILE_PATH, FILE_LEVEL, POST_NO, MENU_NO, STATUS)
    VALUES (SEQ_ANO.NEXTVAL, '리뷰 9 지코바.jpeg','리뷰 9 지코바.jpeg', SYSDATE, 'resources/post_upfiles/', 0, SEQ_PNO.CURRVAL, null, 'Y');
    
INSERT INTO POST VALUES (SEQ_PNO.NEXTVAL, ROUND(DBMS_RANDOM.VALUE(1, 70)), '푸라닭 대박', '고추마요도 퀄 장난없는데요?', 0, SYSDATE, 'Y', 3);
INSERT INTO ATTACHMENT (FILE_NO, ORIGIN_NAME, CHANGE_NAME, FILE_DATE, FILE_PATH, FILE_LEVEL, POST_NO, MENU_NO, STATUS)
    VALUES (SEQ_ANO.NEXTVAL, '리뷰 10 고추마요 푸라닭.jpeg','리뷰 10 고추마요 푸라닭.jpeg', SYSDATE, 'resources/post_upfiles/', 0, SEQ_PNO.CURRVAL, null, 'Y');
    
INSERT INTO POST VALUES (SEQ_PNO.NEXTVAL, ROUND(DBMS_RANDOM.VALUE(1, 70)), '네네도 네네네네', '네네네네네ㅔ', 0, SYSDATE, 'Y', 3);
INSERT INTO ATTACHMENT (FILE_NO, ORIGIN_NAME, CHANGE_NAME, FILE_DATE, FILE_PATH, FILE_LEVEL, POST_NO, MENU_NO, STATUS)
    VALUES (SEQ_ANO.NEXTVAL, '리뷰 11 네네 청양마요.jpeg','리뷰 11 네네 청양마요.jpeg', SYSDATE, 'resources/post_upfiles/', 0, SEQ_PNO.CURRVAL, null, 'Y');
    
INSERT INTO POST VALUES (SEQ_PNO.NEXTVAL, ROUND(DBMS_RANDOM.VALUE(1, 70)), '맛있으면 울리는 벨', '위이이이이ㅣ이ㅣㅣ이이이이이이이이이이잉이이이이잉이이잉이이ㅣ', 0, SYSDATE, 'Y', 3);
INSERT INTO ATTACHMENT (FILE_NO, ORIGIN_NAME, CHANGE_NAME, FILE_DATE, FILE_PATH, FILE_LEVEL, POST_NO, MENU_NO, STATUS)
    VALUES (SEQ_ANO.NEXTVAL, '리뷰 12 네네 오리에날 파닭치키.jpeg','리뷰 12 네네 오리에날 파닭치키.jpeg', SYSDATE, 'resources/post_upfiles/', 0, SEQ_PNO.CURRVAL, null, 'Y');
    
INSERT INTO POST VALUES (SEQ_PNO.NEXTVAL, ROUND(DBMS_RANDOM.VALUE(1, 70)), '다들 치킨 먹죠?', '전 다이어트중 ㅋ', 0, SYSDATE, 'Y', 3);
INSERT INTO ATTACHMENT (FILE_NO, ORIGIN_NAME, CHANGE_NAME, FILE_DATE, FILE_PATH, FILE_LEVEL, POST_NO, MENU_NO, STATUS)
    VALUES (SEQ_ANO.NEXTVAL, '리뷰 13 닭가슴살.jpeg','리뷰 13 닭가슴살.jpeg', SYSDATE, 'resources/post_upfiles/', 0, SEQ_PNO.CURRVAL, null, 'Y');
    
INSERT INTO POST VALUES (SEQ_PNO.NEXTVAL, ROUND(DBMS_RANDOM.VALUE(1, 70)), '야무지다..', '두가지가 진짜 야무지다', 0, SYSDATE, 'Y', 3);
INSERT INTO ATTACHMENT (FILE_NO, ORIGIN_NAME, CHANGE_NAME, FILE_DATE, FILE_PATH, FILE_LEVEL, POST_NO, MENU_NO, STATUS)
    VALUES (SEQ_ANO.NEXTVAL, '리뷰 14 60계 간지윙봉.jpeg','리뷰 14 60계 간지윙봉.jpeg', SYSDATE, 'resources/post_upfiles/', 0, SEQ_PNO.CURRVAL, null, 'Y');
    
INSERT INTO POST VALUES (SEQ_PNO.NEXTVAL, ROUND(DBMS_RANDOM.VALUE(1, 70)), '노란통닭 땡겨서 샀는데', '맥주도 땡긴다 장난없다 미쳤다.. 캬..', 0, SYSDATE, 'Y', 3);
INSERT INTO ATTACHMENT (FILE_NO, ORIGIN_NAME, CHANGE_NAME, FILE_DATE, FILE_PATH, FILE_LEVEL, POST_NO, MENU_NO, STATUS)
    VALUES (SEQ_ANO.NEXTVAL, '리뷰 15 마늘치킨.jpeg','리뷰 15 마늘 치킨.jpeg', SYSDATE, 'resources/post_upfiles/', 0, SEQ_PNO.CURRVAL, null, 'Y');
    
INSERT INTO POST VALUES (SEQ_PNO.NEXTVAL, ROUND(DBMS_RANDOM.VALUE(1, 70)), '노란통닭 땡겨서 샀는데', '맥주도 땡긴다 장난없다 미쳤다.. 캬..', 0, SYSDATE, 'Y', 3);
INSERT INTO ATTACHMENT (FILE_NO, ORIGIN_NAME, CHANGE_NAME, FILE_DATE, FILE_PATH, FILE_LEVEL, POST_NO, MENU_NO, STATUS)
    VALUES (SEQ_ANO.NEXTVAL, '리뷰 15 마늘치킨.jpeg','IMG_8557.jpg', SYSDATE, 'resources/post_upfiles/', 0, SEQ_PNO.CURRVAL, null, 'Y');
    
INSERT INTO POST VALUES (SEQ_PNO.NEXTVAL, ROUND(DBMS_RANDOM.VALUE(1, 70)), '노란통닭 땡겨서 샀는데', '맥주도 땡긴다 장난없다 미쳤다.. 캬..', 0, SYSDATE, 'Y', 3);
INSERT INTO ATTACHMENT (FILE_NO, ORIGIN_NAME, CHANGE_NAME, FILE_DATE, FILE_PATH, FILE_LEVEL, POST_NO, MENU_NO, STATUS)
    VALUES (SEQ_ANO.NEXTVAL, '리뷰 15 마늘치킨.jpeg','IMG_8254.jpg', SYSDATE, 'resources/post_upfiles/', 0, SEQ_PNO.CURRVAL, null, 'Y');
    
INSERT INTO POST VALUES (SEQ_PNO.NEXTVAL, ROUND(DBMS_RANDOM.VALUE(1, 70)), '노란통닭 땡겨서 샀는데', '맥주도 땡긴다 장난없다 미쳤다.. 캬..', 0, SYSDATE, 'Y', 3);
INSERT INTO ATTACHMENT (FILE_NO, ORIGIN_NAME, CHANGE_NAME, FILE_DATE, FILE_PATH, FILE_LEVEL, POST_NO, MENU_NO, STATUS)
    VALUES (SEQ_ANO.NEXTVAL, '리뷰 15 마늘치킨.jpeg','IMG_8409.jpg', SYSDATE, 'resources/post_upfiles/', 0, SEQ_PNO.CURRVAL, null, 'Y');
    
INSERT INTO POST VALUES (SEQ_PNO.NEXTVAL, ROUND(DBMS_RANDOM.VALUE(1, 70)), '노란통닭 땡겨서 샀는데', '맥주도 땡긴다 장난없다 미쳤다.. 캬..', 0, SYSDATE, 'Y', 3);
INSERT INTO ATTACHMENT (FILE_NO, ORIGIN_NAME, CHANGE_NAME, FILE_DATE, FILE_PATH, FILE_LEVEL, POST_NO, MENU_NO, STATUS)
    VALUES (SEQ_ANO.NEXTVAL, '리뷰 15 마늘치킨.jpeg','IMG_8700.jpg', SYSDATE, 'resources/post_upfiles/', 0, SEQ_PNO.CURRVAL, null, 'Y');
COMMIT;
-------------------------------------------------
--댓글 DB ---------------- 민수
CREATE TABLE REPLY (
    REPLY_NO NUMBER PRIMARY KEY ,
    REPLY_CONTENT VARCHAR2(1000) NOT NULL,
    CREATE_DATE	DATE DEFAULT SYSDATE NOT NULL,
    STATUS VARCHAR2(1 BYTE) DEFAULT 'Y',
    POST_NO NUMBER NOT NULL,
    MEMBER_NO NUMBER NOT NULL,
    
    CONSTRAINT FK_POST_TO_REPLY_1 FOREIGN KEY (POST_NO) REFERENCES POST (POST_NO),
    CONSTRAINT FK_MEMBER_TO_REPLY_1 FOREIGN KEY (MEMBER_NO) REFERENCES MEMBER (MEMBER_NO)
);
INSERT INTO REPLY (REPLY_NO, REPLY_CONTENT, CREATE_DATE, STATUS, POST_NO, MEMBER_NO)
VALUES (SEQ_RNO.NEXTVAL, '이것은 첫 번째 더미 댓글입니다.', SYSDATE, 'Y', 1, 1);
INSERT INTO REPLY (REPLY_NO, REPLY_CONTENT, CREATE_DATE, STATUS, POST_NO, MEMBER_NO)
VALUES (SEQ_RNO.NEXTVAL, '이것은 두 번째 더미 댓글입니다.', SYSDATE, 'Y', 1, 2);
INSERT INTO REPLY (REPLY_NO, REPLY_CONTENT, CREATE_DATE, STATUS, POST_NO, MEMBER_NO)
VALUES (SEQ_RNO.NEXTVAL, '이것은 세 번째 더미 댓글입니다.', SYSDATE, 'Y', 2, 1);

----------------------------------------- 
---------------- 신고 동재 -------------------
-----------------------------------------
CREATE TABLE REPLY_LIKE (
    MEMBER_NO NUMBER NOT NULL,
    REPLY_NO NUMBER NOT NULL,
    CONSTRAINT FK_REPLY_LIKE_MEMBER FOREIGN KEY (MEMBER_NO) REFERENCES MEMBER (MEMBER_NO),
    CONSTRAINT FK_REPLY_LIKE_REPLY FOREIGN KEY (REPLY_NO) REFERENCES REPLY (REPLY_NO)
);
INSERT INTO REPLY_LIKE VALUES (1, 1);
INSERT INTO REPLY_LIKE VALUES (2, 1);
INSERT INTO REPLY_LIKE VALUES (2, 2);

------------------------- 신고테이블 통합 ----------------------
CREATE TABLE REPORT (
    REPORT_NO NUMBER PRIMARY KEY,
    REPORT_CATEGORY VARCHAR(15) NULL,
    REPORT_CONTENT VARCHAR2(1000) NOT NULL,
    REPORT_TYPE NUMBER NULL,
    REPORT_ANSWER VARCHAR2(1000) NOT NULL,
    MEMBER_NO NUMBER NOT NULL,
    RE_MEMBER_NO NUMBER NULL,
    POST_NO NUMBER  NULL,
    REPLY_NO NUMBER  NULL,
    
    FOREIGN KEY(POST_NO) REFERENCES POST(POST_NO),
    FOREIGN KEY(MEMBER_NO) REFERENCES MEMBER(MEMBER_NO),
    FOREIGN KEY(RE_MEMBER_NO) REFERENCES MEMBER(MEMBER_NO),
    FOREIGN KEY(REPLY_NO) REFERENCES REPLY(REPLY_NO)
);
COMMENT ON COLUMN REPORT.REPORT_NO IS '신고넘버';
COMMENT ON COLUMN REPORT.REPORT_CATEGORY IS '신고카테고리';
COMMENT ON COLUMN REPORT.REPORT_CONTENT IS '신고사유';
COMMENT ON COLUMN REPORT.REPORT_TYPE IS '신고상태';
COMMENT ON COLUMN REPORT.REPORT_ANSWER IS '신고내용답변';
COMMENT ON COLUMN REPORT.MEMBER_NO IS '신고한회원번호';
COMMENT ON COLUMN REPORT.RE_MEMBER_NO IS '신고당한회원넘버';
COMMENT ON COLUMN REPORT.POST_NO IS '신고당한게시글NO';
COMMENT ON COLUMN REPORT.REPLY_NO IS '신고당한댓글넘버';

INSERT INTO REPORT
VALUES (SEQ_RNO.NEXTVAL, '댓글', '욕설', 1, '욕설은 나쁜겁니다. 당신을 추방시키겠습니다.', 1 ,1 , NULL, NULL);
INSERT INTO REPORT
VALUES (SEQ_RNO.NEXTVAL, '사진게시판', '타인비방', 0, '하늘아래 다 같은 인간입니다. 타인을 비방하지 마세요', 1, NULL,1 ,NULL);
INSERT INTO REPORT
VALUES (SEQ_RNO.NEXTVAL, '일반게시판', '기타', 0, '기타', 3, NULL, NULL, 1);


INSERT INTO MENU_LIKE (MENU_NO, MEMBER_NO) SELECT MENU_NO, MEMBER_NO FROM ( SELECT MENU_NO, MEMBER_NO FROM ( SELECT MENU_NO FROM MENU WHERE ROWNUM <= 98 ) CROSS JOIN ( SELECT MEMBER_NO FROM MEMBER WHERE ROWNUM <= 50 ) );
        
UPDATE MENU SET MENU_VIEW = 100 WHERE MENU_NO BETWEEN 1 AND 98;
        



COMMIT;